index,x,y,z,vx,vy,vz
0,39.2073,22.5952,42.0002,1.2e-15,8.71e-16,1.6e-20
1,39.2073,22.5952,42.0002,8.37e-06,-5.36e-06,7.06e-11
2,39.2073,22.5952,42.0002,6.6e-05,-4.23e-05,5.67e-10
3,39.2073,22.5952,42.0002,0.000219687,-0.000140859,1.92e-09
4,39.2073,22.5952,42.0002,0.000513421,-0.000329268,4.55e-09
5,39.2073,22.5952,42.0002,0.000988619,-0.000634166,8.91e-09
6,39.2073,22.5952,42.0002,0.00168411,-0.00108055,1.54e-08
7,39.2073,22.5952,42.0002,0.00263621,-0.00169182,2.46e-08
8,39.2073,22.5952,42.0002,0.0038788,-0.00248985,3.67e-08
9,39.2073,22.5952,42.0002,0.00544337,-0.003495,5.24e-08
10,39.2073,22.5952,42.0002,0.0073591,-0.00472617,7.2e-08
11,39.2073,22.5952,42.0002,0.0096529,-0.00620081,9.6e-08
12,39.2073,22.5952,42.0002,0.0123495,-0.00793503,1.25e-07
13,39.2062,22.5952,42.0002,0.0154715,-0.00994353,1.59e-07
14,39.2062,22.5952,42.0002,0.0190395,-0.0122397,1.99e-07
15,39.2062,22.5952,42.0002,0.0230718,-0.0148358,2.44e-07
16,39.2062,22.5952,42.0002,0.0275852,-0.0177426,2.97e-07
17,39.2051,22.5952,42.0002,0.0325941,-0.0209699,3.56e-07
18,39.2051,22.5952,42.0002,0.0381115,-0.0245262,4.23e-07
19,39.204,22.5952,42.0002,0.0441484,-0.0284189,4.98e-07
20,39.204,22.5952,42.0002,0.0507141,-0.0326543,5.81e-07
21,39.2028,22.5952,42.0002,0.0578162,-0.0372377,6.73e-07
22,39.2028,22.6035,42.0002,0.0654607,-0.0421732,7.74e-07
23,39.2017,22.6035,42.0002,0.0736521,-0.0474642,8.85e-07
24,39.2006,22.6035,42.0002,0.0823934,-0.0531128,1.01e-06
25,39.1995,22.6035,42.0002,0.0916859,-0.0591205,1.14e-06
26,39.1984,22.6035,42.0002,0.10153,-0.0654877,1.28e-06
27,39.1962,22.6119,42.0002,0.111924,-0.0722139,1.43e-06
28,39.1951,22.6119,42.0002,0.122866,-0.079298,1.6e-06
29,39.194,22.6119,42.0002,0.134351,-0.0867379,1.77e-06
30,39.1917,22.6202,42.0002,0.146376,-0.0945308,1.96e-06
31,39.1895,22.6202,42.0002,0.158933,-0.102673,2.16e-06
32,39.1873,22.6202,42.0002,0.172015,-0.111161,2.37e-06
33,39.1851,22.6285,42.0002,0.185614,-0.119989,2.6e-06
34,39.1829,22.6285,42.0002,0.199721,-0.129151,2.84e-06
35,39.1806,22.6368,42.0002,0.214325,-0.138642,3.1e-06
36,39.1773,22.6368,42.0002,0.229415,-0.148455,3.37e-06
37,39.174,22.6451,42.0002,0.24498,-0.158583,3.65e-06
38,39.1706,22.6451,42.0002,0.261005,-0.169016,3.95e-06
39,39.1673,22.6534,42.0002,0.277478,-0.179749,4.26e-06
40,39.164,22.6618,42.0002,0.294384,-0.19077,4.59e-06
41,39.1595,22.6618,42.0002,0.311708,-0.202071,4.94e-06
42,39.1562,22.6701,42.0002,0.329433,-0.213643,5.3e-06
43,39.1518,22.6784,42.0002,0.347544,-0.225475,5.68e-06
44,39.1473,22.6867,42.0002,0.366024,-0.237557,6.07e-06
45,39.1418,22.695,42.0002,0.384855,-0.249877,6.48e-06
46,39.1373,22.7033,42.0002,0.404018,-0.262425,6.91e-06
47,39.1318,22.7117,42.0002,0.423496,-0.275189,7.35e-06
48,39.1262,22.72,42.0002,0.44327,-0.288158,7.81e-06
49,39.1195,22.7283,42.0002,0.463319,-0.301319,8.29e-06
50,39.114,22.7366,42.0002,0.483626,-0.31466,8.79e-06
51,39.1073,22.7449,42.0002,0.504168,-0.328168,9.3e-06
52,39.1007,22.7532,42.0002,0.524927,-0.341831,9.83e-06
53,39.094,22.7699,42.0002,0.545882,-0.355637,1.04e-05
54,39.0862,22.7782,42.0002,0.567012,-0.369572,1.09e-05
55,39.0796,22.7865,42.0002,0.588296,-0.383623,1.15e-05
56,39.0718,22.8031,42.0002,0.609713,-0.397776,1.21e-05
57,39.0629,22.8114,42.0002,0.631242,-0.412019,1.28e-05
58,39.0551,22.8281,42.0002,0.652862,-0.426339,1.34e-05
59,39.0462,22.8364,42.0002,0.674551,-0.440721,1.41e-05
60,39.0374,22.853,42.0002,0.696288,-0.455153,1.47e-05
61,39.0285,22.8697,42.0002,0.718051,-0.46962,1.54e-05
62,39.0185,22.8863,42.0002,0.739821,-0.484111,1.61e-05
63,39.0085,22.8946,42.0002,0.761574,-0.49861,1.69e-05
64,38.9985,22.9112,42.0002,0.78329,-0.513105,1.76e-05
65,38.9885,22.9279,42.0002,0.804949,-0.527583,1.84e-05
66,38.9774,22.9445,42.0002,0.826529,-0.542029,1.92e-05
67,38.9674,22.9611,42.0002,0.848009,-0.556432,2e-05
68,38.9552,22.9778,42.0002,0.869369,-0.570779,2.08e-05
69,38.9441,22.9944,42.0002,0.890588,-0.585055,2.17e-05
70,38.9318,23.011,42.0002,0.911647,-0.599249,2.25e-05
71,38.9207,23.036,42.0002,0.932525,-0.613347,2.34e-05
72,38.9074,23.0526,42.0002,0.953204,-0.627338,2.43e-05
73,38.8952,23.0692,42.0002,0.973663,-0.641209,2.52e-05
74,38.8819,23.0942,42.0002,0.993884,-0.654948,2.61e-05
75,38.8696,23.1108,42.0002,1.01385,-0.668543,2.71e-05
76,38.8552,23.1275,42.0002,1.03354,-0.681983,2.8e-05
77,38.8419,23.1524,42.0002,1.05293,-0.695255,2.9e-05
78,38.8274,23.169,42.0002,1.07202,-0.70835,3e-05
79,38.8141,23.194,42.0002,1.09078,-0.721255,3.1e-05
80,38.7997,23.2189,42.0002,1.10919,-0.73396,3.21e-05
81,38.7841,23.2356,42.0002,1.12725,-0.746455,3.31e-05
82,38.7697,23.2605,42.0002,1.14493,-0.758729,3.42e-05
83,38.7541,23.2855,42.0002,1.16222,-0.770773,3.52e-05
84,38.7386,23.3104,42.0002,1.1791,-0.782578,3.63e-05
85,38.723,23.327,42.0002,1.19556,-0.794133,3.74e-05
86,38.7075,23.352,42.0002,1.21159,-0.80543,3.86e-05
87,38.6908,23.3769,42.0002,1.22717,-0.81646,3.97e-05
88,38.6742,23.4019,42.0002,1.24229,-0.827215,4.08e-05
89,38.6575,23.4268,42.0002,1.25694,-0.837687,4.2e-05
90,38.6408,23.4518,42.0002,1.2711,-0.847868,4.32e-05
91,38.6242,23.4767,42.0002,1.28477,-0.857752,4.43e-05
92,38.6075,23.5017,42.0002,1.29793,-0.86733,4.55e-05
93,38.5897,23.5349,42.0002,1.31058,-0.876597,4.67e-05
94,38.572,23.5599,42.0002,1.32271,-0.885546,4.8e-05
95,38.5542,23.5848,42.0002,1.3343,-0.894172,4.92e-05
96,38.5364,23.6098,42.0002,1.34535,-0.902468,5.04e-05
97,38.5187,23.6347,42.0002,1.35585,-0.910431,5.17e-05
98,38.4998,23.668,42.0002,1.3658,-0.918054,5.29e-05
99,38.482,23.6929,42.0002,1.37518,-0.925334,5.42e-05
100,38.4631,23.7179,42.0002,1.384,-0.932267,5.55e-05
101,38.4442,23.7428,42.0002,1.39225,-0.938849,5.68e-05
102,38.4265,23.7761,42.0002,1.39991,-0.945077,5.81e-05
103,38.4076,23.8011,42.0002,1.407,-0.950948,5.93e-05
104,38.3876,23.8343,42.0002,1.4135,-0.956459,6.07e-05
105,38.3687,23.8593,42.0002,1.41942,-0.961609,6.2e-05
106,38.3498,23.8842,42.0002,1.42474,-0.966396,6.33e-05
107,38.331,23.9175,42.0002,1.42948,-0.970818,6.46e-05
108,38.311,23.9424,42.0002,1.43363,-0.974875,6.59e-05
109,38.2921,23.9757,42.0002,1.43718,-0.978566,6.72e-05
110,38.2721,24.0006,42.0002,1.44015,-0.981891,6.86e-05
111,38.2521,24.0339,42.0002,1.44252,-0.984851,6.99e-05
112,38.2332,24.0589,42.0002,1.44431,-0.987444,7.12e-05
113,38.2132,24.0838,42.0002,1.44551,-0.989674,7.26e-05
114,38.1932,24.1171,42.0002,1.44613,-0.991541,7.39e-05
115,38.1732,24.142,42.0002,1.44617,-0.993046,7.52e-05
116,38.1544,24.1753,42.0002,1.44564,-0.994192,7.65e-05
117,38.1344,24.2002,42.0002,1.44454,-0.994981,7.79e-05
118,38.1144,24.2335,42.0002,1.44287,-0.995417,7.92e-05
119,38.0944,24.2584,42.0002,1.44064,-0.995501,8.05e-05
120,38.0744,24.2917,42.0002,1.43786,-0.995237,8.18e-05
121,38.0544,24.3167,42.0002,1.43453,-0.99463,8.32e-05
122,38.0344,24.3499,42.0002,1.43066,-0.993683,8.45e-05
123,38.0155,24.3749,42.0002,1.42626,-0.992401,8.58e-05
124,37.9955,24.3998,42.0001,1.42134,-0.990788,8.71e-05
125,37.9755,24.4331,42.0001,1.4159,-0.988849,8.84e-05
126,37.9555,24.458,42.0001,1.40996,-0.98659,8.96e-05
127,37.9367,24.4913,42.0001,1.40352,-0.984016,9.09e-05
128,37.9167,24.5162,42.0001,1.39659,-0.981133,9.22e-05
129,37.8978,24.5412,42.0001,1.38919,-0.977948,9.35e-05
130,37.8778,24.5745,42.0001,1.38133,-0.974466,9.47e-05
131,37.8589,24.5994,42.0001,1.37301,-0.970694,9.59e-05
132,37.8389,24.6244,42.0001,1.36425,-0.966639,9.72e-05
133,37.82,24.6493,42.0001,1.35506,-0.962308,9.84e-05
134,37.8012,24.6826,42.0001,1.34545,-0.957704,9.96e-05
135,37.7812,24.7075,42.0001,1.33543,-0.952838,0.000100768
136,37.7623,24.7325,42.0001,1.32501,-0.947718,0.000101943
137,37.7434,24.7574,42.0001,1.31422,-0.942351,0.000103103
138,37.7256,24.7824,42.0001,1.30306,-0.936747,0.000104247
139,37.7067,24.8073,42.0001,1.29155,-0.930912,0.000105376
140,37.6879,24.8406,42.0001,1.2797,-0.924855,0.000106488
141,37.6701,24.8655,42.0001,1.26753,-0.918585,0.000107582
142,37.6512,24.8905,42.0001,1.25504,-0.91211,0.000108659
143,37.6334,24.9154,42.0001,1.24226,-0.905438,0.000109718
144,37.6157,24.9404,42.0001,1.2292,-0.898579,0.000110757
145,37.5979,24.9653,42.0001,1.21587,-0.891541,0.000111777
146,37.5801,24.9819,42.0001,1.20229,-0.884334,0.000112776
147,37.5624,25.0069,42.0001,1.18847,-0.876964,0.000113754
148,37.5446,25.0318,42.0001,1.17442,-0.869443,0.000114712
149,37.5279,25.0568,42.0001,1.16017,-0.861779,0.000115647
150,37.5102,25.0817,42.0001,1.14573,-0.853981,0.00011656
151,37.4935,25.0984,42.0001,1.1311,-0.846057,0.000117449
152,37.4768,25.1233,42.0001,1.11632,-0.838018,0.000118315
153,37.4602,25.1483,42.0001,1.10138,-0.829871,0.000119157
154,37.4435,25.1649,42.0001,1.08631,-0.821627,0.000119975
155,37.4269,25.1898,42.0001,1.07113,-0.813294,0.000120767
156,37.4113,25.2148,42.0001,1.05584,-0.804881,0.000121534
157,37.3946,25.2314,42.0001,1.04045,-0.796397,0.000122275
158,37.3791,25.2481,42.0001,1.025,-0.787851,0.000122989
159,37.3635,25.273,42.0001,1.00948,-0.779252,0.000123677
160,37.348,25.2896,42.0001,0.993919,-0.770609,0.000124337
161,37.3324,25.3146,42.0001,0.978324,-0.76193,0.000124969
162,37.318,25.3312,42.0001,0.962711,-0.753224,0.000125573
163,37.3025,25.3478,42.0001,0.947094,-0.7445,0.000126149
164,37.288,25.3728,42.0001,0.931487,-0.735767,0.000126696
165,37.2736,25.3894,42.0001,0.915903,-0.727032,0.000127213
166,37.2591,25.4061,42.0001,0.900356,-0.718304,0.000127701
167,37.2447,25.4227,42.0001,0.884859,-0.709591,0.000128159
168,37.2314,25.4393,42,0.869425,-0.700901,0.000128587
169,37.2169,25.456,42,0.854066,-0.692242,0.000128984
170,37.2036,25.4726,42,0.838796,-0.683623,0.00012935
171,37.1903,25.4892,42,0.823626,-0.67505,0.000129686
172,37.1758,25.5059,42,0.808569,-0.666531,0.00012999
173,37.1636,25.5225,42,0.793636,-0.658074,0.000130262
174,37.1503,25.5391,42,0.778839,-0.649686,0.000130503
175,37.137,25.5558,42,0.764189,-0.641374,0.000130711
176,37.1247,25.5724,42,0.749698,-0.633144,0.000130888
177,37.1125,25.589,42,0.735375,-0.625005,0.000131032
178,37.0992,25.5973,42,0.721232,-0.616962,0.000131143
179,37.087,25.614,42,0.707278,-0.609021,0.000131222
180,37.0748,25.6306,42,0.693523,-0.601189,0.000131269
181,37.0637,25.6389,42,0.679977,-0.593473,0.000131282
182,37.0514,25.6555,42,0.666649,-0.585877,0.000131263
183,37.0403,25.6639,42,0.653547,-0.578408,0.00013121
184,37.0281,25.6805,42,0.64068,-0.571071,0.000131125
185,37.017,25.6971,42,0.628057,-0.563871,0.000131006
186,37.0059,25.7054,42,0.615685,-0.556814,0.000130854
187,36.9948,25.7221,42,0.603572,-0.549904,0.00013067
188,36.9837,25.7304,42,0.591724,-0.543146,0.000130452
189,36.9737,25.7387,42,0.580149,-0.536544,0.000130201
190,36.9626,25.7553,42,0.568852,-0.530104,0.000129918
191,36.9526,25.7637,42,0.557841,-0.523828,0.000129601
192,36.9415,25.772,42,0.54712,-0.51772,0.000129252
193,36.9315,25.7886,42,0.536695,-0.511785,0.00012887
194,36.9215,25.7969,42,0.526571,-0.506026,0.000128456
195,36.9115,25.8052,42,0.516752,-0.500445,0.000128009
196,36.9015,25.8136,42,0.507242,-0.495046,0.000127529
197,36.8915,25.8302,42,0.498046,-0.489832,0.000127018
198,36.8815,25.8385,42,0.489167,-0.484804,0.000126475
199,36.8726,25.8468,42,0.480608,-0.479966,0.0001259
200,36.8626,25.8551,42,0.472371,-0.475319,0.000125294
201,36.8537,25.8634,42,0.46446,-0.470866,0.000124657
202,36.8437,25.8718,42,0.456875,-0.466607,0.000123988
203,36.8349,25.8801,42,0.449618,-0.462544,0.000123289
204,36.826,25.8967,42,0.442691,-0.458679,0.00012256
205,36.816,25.905,42,0.436094,-0.455012,0.000121801
206,36.8071,25.9133,42,0.429828,-0.451544,0.000121011
207,36.7982,25.9217,41.9999,0.423893,-0.448275,0.000120193
208,36.7893,25.93,41.9999,0.418288,-0.445206,0.000119345
209,36.7804,25.9383,41.9999,0.413013,-0.442337,0.000118469
210,36.7715,25.9466,41.9999,0.408067,-0.439667,0.000117564
211,36.7627,25.9549,41.9999,0.403448,-0.437197,0.000116632
212,36.7549,25.9632,41.9999,0.399154,-0.434925,0.000115672
213,36.746,25.9716,41.9999,0.395184,-0.432852,0.000114685
214,36.7371,25.9716,41.9999,0.391535,-0.430975,0.000113671
215,36.7282,25.9799,41.9999,0.388205,-0.429293,0.000112631
216,36.7205,25.9882,41.9999,0.385189,-0.427806,0.000111566
217,36.7116,25.9965,41.9999,0.382484,-0.426511,0.000110475
218,36.7027,26.0048,41.9999,0.380087,-0.425406,0.00010936
219,36.6949,26.0131,41.9999,0.377994,-0.42449,0.00010822
220,36.686,26.0215,41.9999,0.3762,-0.423761,0.000107057
221,36.6771,26.0298,41.9999,0.374699,-0.423215,0.00010587
222,36.6694,26.0381,41.9999,0.373488,-0.422851,0.000104661
223,36.6605,26.0464,41.9999,0.372561,-0.422665,0.00010343
224,36.6527,26.0547,41.9999,0.371911,-0.422655,0.000102177
225,36.6438,26.0547,41.9999,0.371533,-0.422817,0.000100903
226,36.636,26.063,41.9999,0.371421,-0.423148,9.96e-05
227,36.6272,26.0713,41.9999,0.371569,-0.423644,9.83e-05
228,36.6183,26.0797,41.9999,0.371968,-0.424303,9.7e-05
229,36.6105,26.088,41.9999,0.372613,-0.425119,9.56e-05
230,36.6016,26.0963,41.9999,0.373496,-0.426089,9.42e-05
231,36.5927,26.1046,41.9999,0.374609,-0.42721,9.29e-05
232,36.5849,26.1129,41.9999,0.375945,-0.428476,9.15e-05
233,36.5761,26.1212,41.9999,0.377496,-0.429883,9e-05
234,36.5672,26.1296,41.9999,0.379253,-0.431427,8.86e-05
235,36.5594,26.1296,41.9999,0.381208,-0.433103,8.71e-05
236,36.5505,26.1379,41.9999,0.383352,-0.434907,8.57e-05
237,36.5416,26.1462,41.9999,0.385678,-0.436833,8.42e-05
238,36.5327,26.1545,41.9999,0.388175,-0.438877,8.27e-05
239,36.5239,26.1628,41.9999,0.390835,-0.441033,8.12e-05
240,36.515,26.1711,41.9999,0.393649,-0.443297,7.97e-05
241,36.5061,26.1795,41.9999,0.396607,-0.445662,7.82e-05
242,36.4972,26.1878,41.9999,0.399699,-0.448125,7.66e-05
243,36.4883,26.1961,41.9999,0.402917,-0.450679,7.51e-05
244,36.4794,26.2044,41.9999,0.406251,-0.453318,7.36e-05
245,36.4705,26.2127,41.9999,0.40969,-0.456038,7.2e-05
246,36.4617,26.221,41.9999,0.413226,-0.458833,7.04e-05
247,36.4517,26.2294,41.9999,0.416848,-0.461698,6.89e-05
248,36.4428,26.2377,41.9999,0.420546,-0.464626,6.73e-05
249,36.4339,26.246,41.9999,0.424312,-0.467612,6.57e-05
250,36.4239,26.2543,41.9999,0.428134,-0.470651,6.41e-05
251,36.415,26.2626,41.9999,0.432002,-0.473736,6.25e-05
252,36.405,26.2709,41.9999,0.435908,-0.476863,6.09e-05
253,36.3961,26.2793,41.9999,0.439842,-0.480025,5.93e-05
254,36.3861,26.2876,41.9999,0.443795,-0.483219,5.77e-05
255,36.3761,26.2959,41.9999,0.447756,-0.486438,5.61e-05
256,36.3673,26.3042,41.9999,0.451715,-0.489675,5.45e-05
257,36.3573,26.3125,41.9999,0.455663,-0.492926,5.29e-05
258,36.3473,26.3208,41.9999,0.459592,-0.496185,5.13e-05
259,36.3373,26.3375,41.9999,0.46349,-0.499447,4.97e-05
260,36.3273,26.3458,41.9999,0.467351,-0.502707,4.81e-05
261,36.3173,26.3541,41.9999,0.471164,-0.505959,4.65e-05
262,36.3073,26.3624,41.9999,0.474921,-0.509199,4.49e-05
263,36.2973,26.3707,41.9999,0.478613,-0.512422,4.33e-05
264,36.2862,26.379,41.9999,0.482233,-0.515622,4.18e-05
265,36.2762,26.3874,41.9999,0.485773,-0.518795,4.02e-05
266,36.2662,26.404,41.9998,0.489224,-0.521937,3.86e-05
267,36.2551,26.4123,41.9998,0.492579,-0.525043,3.7e-05
268,36.2451,26.4206,41.9998,0.495831,-0.528109,3.55e-05
269,36.234,26.4289,41.9998,0.498972,-0.531131,3.39e-05
270,36.224,26.4373,41.9998,0.501997,-0.534104,3.24e-05
271,36.2129,26.4539,41.9998,0.504898,-0.537025,3.09e-05
272,36.2018,26.4622,41.9998,0.507669,-0.539891,2.93e-05
273,36.1918,26.4705,41.9998,0.510305,-0.542697,2.78e-05
274,36.1807,26.4788,41.9998,0.5128,-0.545441,2.63e-05
275,36.1695,26.4872,41.9998,0.515148,-0.548119,2.48e-05
276,36.1584,26.5038,41.9998,0.517345,-0.550728,2.33e-05
277,36.1473,26.5121,41.9998,0.519386,-0.553265,2.19e-05
278,36.1362,26.5204,41.9998,0.521266,-0.555729,2.04e-05
279,36.1251,26.5287,41.9998,0.522982,-0.558115,1.89e-05
280,36.114,26.5454,41.9998,0.524531,-0.560423,1.75e-05
281,36.1029,26.5537,41.9998,0.525908,-0.562651,1.61e-05
282,36.0918,26.562,41.9998,0.52711,-0.564795,1.47e-05
283,36.0807,26.5703,41.9998,0.528136,-0.566855,1.33e-05
284,36.0696,26.5869,41.9998,0.528983,-0.568829,1.19e-05
285,36.0574,26.5953,41.9998,0.529649,-0.570715,1.05e-05
286,36.0463,26.6036,41.9998,0.530132,-0.572514,9.14e-06
287,36.0352,26.6202,41.9998,0.530431,-0.574223,7.8e-06
288,36.024,26.6285,41.9998,0.530545,-0.575843,6.47e-06
289,36.0118,26.6368,41.9998,0.530474,-0.577371,5.15e-06
290,36.0007,26.6452,41.9998,0.530217,-0.57881,3.85e-06
291,35.9885,26.6618,41.9998,0.529774,-0.580157,2.57e-06
292,35.9774,26.6701,41.9998,0.529147,-0.581413,1.3e-06
293,35.9663,26.6784,41.9998,0.528335,-0.582579,4.01e-08
294,35.9541,26.6867,41.9998,0.52734,-0.583655,-1.2e-06
295,35.943,26.7034,41.9998,0.526162,-0.584642,-2.42e-06
296,35.9308,26.7117,41.9998,0.524805,-0.585539,-3.63e-06
297,35.9196,26.72,41.9998,0.52327,-0.586349,-4.83e-06
298,35.9074,26.7283,41.9998,0.521559,-0.587072,-6.01e-06
299,35.8952,26.745,41.9998,0.519674,-0.58771,-7.17e-06
300,35.8841,26.7533,41.9998,0.51762,-0.588264,-8.32e-06
301,35.8719,26.7616,41.9998,0.515399,-0.588736,-9.45e-06
302,35.8608,26.7699,41.9998,0.513014,-0.589128,-1.06e-05
303,35.8486,26.7865,41.9998,0.510469,-0.589441,-1.17e-05
304,35.8375,26.7948,41.9998,0.507769,-0.589677,-1.28e-05
305,35.8252,26.8032,41.9998,0.504918,-0.58984,-1.38e-05
306,35.813,26.8115,41.9998,0.501919,-0.589931,-1.49e-05
307,35.8019,26.8198,41.9998,0.498779,-0.589952,-1.59e-05
308,35.7897,26.8364,41.9998,0.495501,-0.589907,-1.69e-05
309,35.7786,26.8447,41.9998,0.492091,-0.589798,-1.8e-05
310,35.7664,26.8531,41.9998,0.488554,-0.589628,-1.9e-05
311,35.7542,26.8614,41.9998,0.484896,-0.5894,-1.99e-05
312,35.743,26.8697,41.9998,0.481122,-0.589117,-2.09e-05
313,35.7308,26.8863,41.9998,0.477239,-0.588781,-2.19e-05
314,35.7197,26.8946,41.9998,0.473251,-0.588397,-2.28e-05
315,35.7075,26.903,41.9998,0.469166,-0.587967,-2.37e-05
316,35.6964,26.9113,41.9998,0.464989,-0.587495,-2.47e-05
317,35.6842,26.9196,41.9998,0.460726,-0.586983,-2.56e-05
318,35.672,26.9279,41.9998,0.456385,-0.586437,-2.65e-05
319,35.6609,26.9362,41.9998,0.451988,-0.58586,-2.73e-05
320,35.6486,26.9445,41.9998,0.447526,-0.585255,-2.82e-05
321,35.6375,26.9529,41.9998,0.443005,-0.584625,-2.91e-05
322,35.6264,26.9612,41.9998,0.43843,-0.583973,-2.99e-05
323,35.6142,26.9695,41.9998,0.433808,-0.583302,-3.08e-05
324,35.6031,26.9778,41.9998,0.429145,-0.582617,-3.16e-05
325,35.5909,26.9861,41.9998,0.424448,-0.58192,-3.24e-05
326,35.5798,27.0028,41.9998,0.419723,-0.581214,-3.32e-05
327,35.5676,27.0028,41.9999,0.414975,-0.580503,-3.4e-05
328,35.5564,27.0111,41.9999,0.41021,-0.579791,-3.48e-05
329,35.5453,27.0194,41.9999,0.405436,-0.579079,-3.56e-05
330,35.5331,27.0277,41.9999,0.400656,-0.578371,-3.64e-05
331,35.522,27.036,41.9999,0.395877,-0.577671,-3.72e-05
332,35.5109,27.0443,41.9999,0.391104,-0.57698,-3.8e-05
333,35.4987,27.0526,41.9999,0.386343,-0.576302,-3.87e-05
334,35.4876,27.061,41.9999,0.381598,-0.57564,-3.95e-05
335,35.4765,27.0693,41.9999,0.376875,-0.574996,-4.03e-05
336,35.4654,27.0776,41.9999,0.372178,-0.574372,-4.1e-05
337,35.4532,27.0859,41.9999,0.367512,-0.573771,-4.18e-05
338,35.442,27.0942,41.9999,0.362881,-0.573196,-4.26e-05
339,35.4309,27.1025,41.9999,0.35829,-0.572647,-4.33e-05
340,35.4187,27.1025,41.9999,0.353742,-0.572128,-4.41e-05
341,35.4076,27.1109,41.9999,0.349241,-0.571641,-4.48e-05
342,35.3965,27.1192,41.9999,0.34479,-0.571186,-4.56e-05
343,35.3854,27.1275,41.9999,0.340393,-0.570766,-4.64e-05
344,35.3743,27.1358,41.9999,0.336054,-0.570383,-4.71e-05
345,35.3621,27.1441,41.9999,0.331774,-0.570036,-4.79e-05
346,35.351,27.1441,41.9999,0.327556,-0.569729,-4.87e-05
347,35.3399,27.1524,41.9999,0.323402,-0.569462,-4.94e-05
348,35.3288,27.1608,41.9999,0.319315,-0.569235,-5.02e-05
349,35.3176,27.1691,41.9999,0.315297,-0.569051,-5.1e-05
350,35.3054,27.1691,41.9999,0.311348,-0.568908,-5.18e-05
351,35.2943,27.1774,41.9999,0.30747,-0.568809,-5.26e-05
352,35.2832,27.1857,41.9999,0.303665,-0.568753,-5.34e-05
353,35.2721,27.194,41.9999,0.299933,-0.568741,-5.42e-05
354,35.261,27.194,41.9999,0.296275,-0.568773,-5.5e-05
355,35.2499,27.2023,41.9999,0.29269,-0.568848,-5.59e-05
356,35.2377,27.2107,41.9999,0.28918,-0.568967,-5.67e-05
357,35.2266,27.2107,41.9999,0.285743,-0.56913,-5.76e-05
358,35.2155,27.219,41.9999,0.28238,-0.569336,-5.84e-05
359,35.2044,27.2273,41.9999,0.27909,-0.569584,-5.93e-05
360,35.1933,27.2273,41.9999,0.275872,-0.569874,-6.02e-05
361,35.181,27.2356,41.9999,0.272725,-0.570206,-6.11e-05
362,35.1699,27.2439,41.9999,0.269647,-0.570578,-6.2e-05
363,35.1588,27.2439,41.9999,0.266637,-0.57099,-6.29e-05
364,35.1477,27.2522,41.9999,0.263694,-0.57144,-6.39e-05
365,35.1366,27.2606,41.9999,0.260816,-0.571928,-6.48e-05
366,35.1244,27.2606,41.9999,0.258,-0.572451,-6.58e-05
367,35.1133,27.2689,41.9999,0.255244,-0.573009,-6.68e-05
368,35.1022,27.2689,41.9999,0.252547,-0.573601,-6.78e-05
369,35.0911,27.2772,41.9999,0.249904,-0.574224,-6.88e-05
370,35.0788,27.2855,41.9999,0.247314,-0.574878,-6.99e-05
371,35.0677,27.2855,41.9999,0.244774,-0.575561,-7.09e-05
372,35.0566,27.2938,41.9999,0.242281,-0.576271,-7.2e-05
373,35.0444,27.2938,41.9999,0.23982,-0.57701,-7.31e-05
374,35.0333,27.3021,41.9999,0.237399,-0.577772,-7.42e-05
375,35.0222,27.3021,41.9999,0.235017,-0.578557,-7.53e-05
376,35.01,27.3104,41.9999,0.232668,-0.579363,-7.65e-05
377,34.9989,27.3188,41.9999,0.230351,-0.580186,-7.76e-05
378,34.9867,27.3188,41.9999,0.228061,-0.581027,-7.88e-05
379,34.9756,27.3271,41.9999,0.225795,-0.581883,-8e-05
380,34.9633,27.3271,41.9999,0.22355,-0.582752,-8.12e-05
381,34.9522,27.3354,41.9999,0.221322,-0.583632,-8.25e-05
382,34.94,27.3354,41.9999,0.219108,-0.584522,-8.37e-05
383,34.9289,27.3437,41.9999,0.216903,-0.585419,-8.5e-05
384,34.9167,27.3437,41.9999,0.214706,-0.586323,-8.63e-05
385,34.9056,27.352,41.9999,0.212511,-0.587232,-8.76e-05
386,34.8934,27.352,41.9999,0.210317,-0.588144,-8.89e-05
387,34.8823,27.3603,41.9999,0.208118,-0.589057,-9.03e-05
388,34.87,27.3603,41.9999,0.205913,-0.58997,-9.16e-05
389,34.8578,27.3687,41.9999,0.203699,-0.590882,-9.3e-05
390,34.8467,27.3687,41.9999,0.201471,-0.591791,-9.44e-05
391,34.8345,27.377,41.9999,0.199226,-0.592697,-9.58e-05
392,34.8234,27.377,41.9999,0.196963,-0.593597,-9.72e-05
393,34.8112,27.3853,41.9999,0.194678,-0.59449,-9.86e-05
394,34.799,27.3853,41.9999,0.192368,-0.595376,-0.000100051
395,34.7867,27.3936,41.9999,0.190031,-0.596254,-0.000101503
396,34.7756,27.3936,41.9999,0.187664,-0.597123,-0.000102966
397,34.7634,27.4019,41.9999,0.185265,-0.597981,-0.000104439
398,34.7512,27.4019,41.9999,0.182832,-0.598829,-0.000105921
399,34.739,27.4019,41.9999,0.180361,-0.599665,-0.000107412
400,34.7279,27.4102,41.9999,0.177853,-0.600489,-0.00010891
401,34.7157,27.4102,41.9999,0.175303,-0.6013,-0.000110415
402,34.7034,27.4186,41.9999,0.172712,-0.602099,-0.000111926
403,34.6912,27.4186,42,0.170077,-0.602885,-0.000113441
404,34.679,27.4269,42,0.167396,-0.603657,-0.00011496
405,34.6668,27.4269,42,0.164669,-0.604416,-0.000116481
406,34.6557,27.4269,42,0.161895,-0.605161,-0.000118003
407,34.6435,27.4352,42,0.159072,-0.605893,-0.000119526
408,34.6312,27.4352,42,0.156199,-0.606611,-0.000121047
409,34.619,27.4352,42,0.153277,-0.607317,-0.000122567
410,34.6068,27.4435,42,0.150304,-0.608009,-0.000124083
411,34.5946,27.4435,42,0.14728,-0.60869,-0.000125594
412,34.5824,27.4518,42,0.144204,-0.609358,-0.000127099
413,34.5702,27.4518,42,0.141078,-0.610014,-0.000128597
414,34.5579,27.4518,42,0.1379,-0.61066,-0.000130087
415,34.5457,27.4601,42,0.134672,-0.611296,-0.000131567
416,34.5335,27.4601,42,0.131393,-0.611921,-0.000133037
417,34.5213,27.4601,42,0.128064,-0.612538,-0.000134494
418,34.5091,27.4685,42,0.124685,-0.613147,-0.000135938
419,34.4968,27.4685,42,0.121259,-0.613749,-0.000137367
420,34.4846,27.4685,42,0.117784,-0.614345,-0.00013878
421,34.4724,27.4685,42,0.114263,-0.614935,-0.000140176
422,34.4602,27.4768,42,0.110697,-0.61552,-0.000141554
423,34.448,27.4768,42,0.107087,-0.616102,-0.000142913
424,34.4358,27.4768,42,0.103435,-0.616682,-0.000144251
425,34.4235,27.4768,42,0.0997822,-0.617253,-0.000145553
426,34.4113,27.4851,42,0.0960911,-0.617824,-0.000146832
427,34.3991,27.4851,42,0.0923633,-0.618396,-0.000148089
428,34.3869,27.4851,42,0.0886005,-0.618968,-0.000149322
429,34.3747,27.4851,42,0.0848045,-0.619543,-0.000150529
430,34.3625,27.4851,42,0.0809772,-0.62012,-0.000151711
431,34.3502,27.4934,42,0.0771208,-0.620702,-0.000152866
432,34.338,27.4934,42,0.0732371,-0.621288,-0.000153994
433,34.3258,27.4934,42,0.0693285,-0.621879,-0.000155093
434,34.3136,27.4934,42,0.0653969,-0.622476,-0.000156164
435,34.3014,27.4934,42,0.0614448,-0.623081,-0.000157206
436,34.2891,27.4934,42,0.0574742,-0.623692,-0.000158219
437,34.2758,27.5017,42,0.0534876,-0.624312,-0.000159201
438,34.2636,27.5017,42,0.0494874,-0.62494,-0.000160153
439,34.2514,27.5017,42,0.0454757,-0.625576,-0.000161074
440,34.2392,27.5017,42.0001,0.0414551,-0.626222,-0.000161964
441,34.2269,27.5017,42.0001,0.037428,-0.626877,-0.000162824
442,34.2147,27.5017,42.0001,0.0333967,-0.627542,-0.000163652
443,34.2025,27.5017,42.0001,0.0293637,-0.628216,-0.00016445
444,34.1892,27.5017,42.0001,0.0253315,-0.6289,-0.000165217
445,34.177,27.5017,42.0001,0.0213023,-0.629593,-0.000165953
446,34.1647,27.5017,42.0001,0.0172788,-0.630297,-0.000166659
447,34.1525,27.5017,42.0001,0.0132632,-0.631009,-0.000167334
448,34.1403,27.5017,42.0001,0.0092579,-0.631731,-0.00016798
449,34.127,27.5017,42.0001,0.00526533,-0.632461,-0.000168597
450,34.1148,27.5017,42.0001,0.00128781,-0.633199,-0.000169186
451,34.1025,27.5017,42.0001,-0.00267236,-0.633945,-0.000169746
452,34.0903,27.5017,42.0001,-0.00661293,-0.634698,-0.000170279
453,34.077,27.5017,42.0001,-0.0105317,-0.635458,-0.000170786
454,34.0648,27.5017,42.0001,-0.0144264,-0.636223,-0.000171267
455,34.0526,27.5017,42.0001,-0.0182949,-0.636993,-0.000171723
456,34.0392,27.5017,42.0001,-0.0221352,-0.637766,-0.000172156
457,34.027,27.5017,42.0001,-0.0259453,-0.638543,-0.000172566
458,34.0148,27.5017,42.0001,-0.0297231,-0.639321,-0.000172954
459,34.0015,27.5017,42.0001,-0.0334668,-0.6401,-0.000173321
460,33.9893,27.5017,42.0001,-0.0371746,-0.640878,-0.000173669
461,33.9759,27.5017,42.0001,-0.0408447,-0.641654,-0.000173999
462,33.9637,27.5017,42.0001,-0.0444755,-0.642428,-0.000174312
463,33.9515,27.5017,42.0001,-0.0480653,-0.643196,-0.000174609
464,33.9382,27.5017,42.0001,-0.0516126,-0.643959,-0.000174892
465,33.9259,27.4934,42.0001,-0.0551161,-0.644714,-0.000175162
466,33.9126,27.4934,42.0001,-0.0585744,-0.645461,-0.000175421
467,33.9004,27.4934,42.0001,-0.0619863,-0.646197,-0.000175669
468,33.8871,27.4934,42.0001,-0.0653507,-0.646921,-0.000175909
469,33.8749,27.4934,42.0001,-0.0686665,-0.647632,-0.000176142
470,33.8615,27.4934,42.0002,-0.0719328,-0.648327,-0.000176368
471,33.8493,27.4934,42.0002,-0.075149,-0.649006,-0.000176591
472,33.836,27.4851,42.0002,-0.0783142,-0.649667,-0.00017681
473,33.8238,27.4851,42.0002,-0.0814278,-0.650307,-0.000177028
474,33.8104,27.4851,42.0002,-0.0844896,-0.650926,-0.000177246
475,33.7971,27.4851,42.0002,-0.0874991,-0.651523,-0.000177465
476,33.7849,27.4851,42.0002,-0.0904562,-0.652094,-0.000177686
477,33.7716,27.4768,42.0002,-0.0933607,-0.65264,-0.000177912
478,33.7593,27.4768,42.0002,-0.0962397,-0.653163,-0.000178144
479,33.746,27.4768,42.0002,-0.0990656,-0.653656,-0.000178384
480,33.7327,27.4768,42.0002,-0.101839,-0.654119,-0.00017863
481,33.7194,27.4685,42.0002,-0.104559,-0.65455,-0.000178886
482,33.7071,27.4685,42.0002,-0.107228,-0.654947,-0.000179151
483,33.6938,27.4685,42.0002,-0.109846,-0.65531,-0.000179427
484,33.6805,27.4685,42.0002,-0.112415,-0.655638,-0.000179714
485,33.6672,27.4601,42.0002,-0.114934,-0.65593,-0.000180013
486,33.6549,27.4601,42.0002,-0.117407,-0.656184,-0.000180325
487,33.6416,27.4601,42.0002,-0.119833,-0.656401,-0.000180651
488,33.6283,27.4518,42.0002,-0.122215,-0.65658,-0.00018099
489,33.615,27.4518,42.0002,-0.124554,-0.656721,-0.000181343
490,33.6016,27.4518,42.0002,-0.126852,-0.656822,-0.00018171
491,33.5894,27.4518,42.0002,-0.129112,-0.656885,-0.000182091
492,33.5761,27.4435,42.0002,-0.131336,-0.656909,-0.000182487
493,33.5627,27.4435,42.0002,-0.133526,-0.656894,-0.000182896
494,33.5494,27.4435,42.0002,-0.135684,-0.656841,-0.000183318
495,33.5361,27.4352,42.0002,-0.137813,-0.65675,-0.000183754
496,33.5239,27.4352,42.0002,-0.139917,-0.656622,-0.000184201
497,33.5105,27.4352,42.0002,-0.141998,-0.656457,-0.00018466
498,33.4972,27.4269,42.0002,-0.144059,-0.656258,-0.00018513
499,33.4839,27.4269,42.0003,-0.146104,-0.656023,-0.000185609
500,33.4717,27.4269,42.0003,-0.148136,-0.655756,-0.000186096
501,33.4583,27.4186,42.0003,-0.150158,-0.655458,-0.00018659
502,33.445,27.4186,42.0003,-0.152175,-0.655129,-0.000187089
503,33.4317,27.4102,42.0003,-0.15419,-0.654773,-0.000187592
504,33.4184,27.4102,42.0003,-0.156207,-0.65439,-0.000188096
505,33.4061,27.4102,42.0003,-0.15823,-0.653984,-0.000188601
506,33.3928,27.4019,42.0003,-0.160264,-0.653555,-0.000189103
507,33.3795,27.4019,42.0003,-0.162312,-0.653108,-0.000189601
508,33.3673,27.4019,42.0003,-0.16438,-0.652643,-0.000190092
509,33.3539,27.3936,42.0003,-0.166471,-0.652165,-0.000190573
510,33.3406,27.3936,42.0003,-0.16859,-0.651675,-0.000191043
511,33.3273,27.3853,42.0003,-0.170742,-0.651177,-0.000191498
512,33.3151,27.3853,42.0003,-0.172932,-0.650674,-0.000191936
513,33.3017,27.3853,42.0003,-0.175164,-0.65017,-0.000192353
514,33.2884,27.377,42.0003,-0.177443,-0.649667,-0.000192747
515,33.2762,27.377,42.0003,-0.179774,-0.649169,-0.000193114
516,33.2629,27.3687,42.0003,-0.182163,-0.64868,-0.00019345
517,33.2495,27.3687,42.0003,-0.184613,-0.648203,-0.000193754
518,33.2373,27.3604,42.0003,-0.187131,-0.647742,-0.00019402
519,33.224,27.3604,42.0003,-0.189721,-0.647302,-0.000194246
520,33.2118,27.352,42.0003,-0.192389,-0.646886,-0.000194428
521,33.1984,27.352,42.0003,-0.195139,-0.646498,-0.000194563
522,33.1851,27.352,42.0003,-0.197976,-0.646142,-0.000194645
523,33.1729,27.3437,42.0003,-0.200905,-0.645823,-0.000194673
524,33.1596,27.3437,42.0003,-0.203932,-0.645545,-0.000194641
525,33.1473,27.3354,42.0004,-0.207061,-0.645311,-0.000194546
526,33.134,27.3354,42.0004,-0.210298,-0.645127,-0.000194384
527,33.1207,27.3271,42.0004,-0.213646,-0.644996,-0.000194152
528,33.1085,27.3271,42.0004,-0.217111,-0.644923,-0.000193845
529,33.0951,27.3188,42.0004,-0.220698,-0.644911,-0.000193459
530,33.0829,27.3105,42.0004,-0.22441,-0.644966,-0.00019299
531,33.0696,27.3105,42.0004,-0.228253,-0.645092,-0.000192435
532,33.0574,27.3021,42.0004,-0.232189,-0.645289,-0.000191797
533,33.0441,27.3021,42.0004,-0.236261,-0.645563,-0.000191067
534,33.0318,27.2938,42.0004,-0.240472,-0.645918,-0.000190241
535,33.0185,27.2938,42.0004,-0.244827,-0.646357,-0.000189316
536,33.0063,27.2855,42.0004,-0.249328,-0.646885,-0.000188289
537,32.993,27.2855,42.0004,-0.25398,-0.647504,-0.000187155
538,32.9807,27.2772,42.0004,-0.258785,-0.648218,-0.000185912
539,32.9674,27.2689,42.0004,-0.263747,-0.64903,-0.000184557
540,32.9552,27.2689,42.0004,-0.268867,-0.649944,-0.000183087
541,32.9419,27.2606,42.0004,-0.274149,-0.650962,-0.000181498
542,32.9297,27.2522,42.0004,-0.279594,-0.652087,-0.000179789
543,32.9163,27.2522,42.0004,-0.285205,-0.653322,-0.000177956
544,32.903,27.2439,42.0004,-0.290983,-0.654669,-0.000175997
545,32.8908,27.2356,42.0004,-0.29693,-0.65613,-0.00017391
546,32.8774,27.2356,42.0004,-0.303046,-0.657708,-0.000171692
547,32.8641,27.2273,42.0004,-0.309334,-0.659403,-0.000169342
548,32.8519,27.219,42.0004,-0.315793,-0.661218,-0.000166858
549,32.8386,27.2107,42.0004,-0.322424,-0.663154,-0.000164239
550,32.8252,27.2107,42.0004,-0.329226,-0.665213,-0.000161482
551,32.8119,27.2023,42.0004,-0.3362,-0.667394,-0.000158588
552,32.7986,27.194,42.0004,-0.343346,-0.669699,-0.000155554
553,32.7853,27.1857,42.0004,-0.350661,-0.672127,-0.00015238
554,32.7719,27.1774,42.0005,-0.358145,-0.674681,-0.000149066
555,32.7586,27.1691,42.0005,-0.365798,-0.677358,-0.00014561
556,32.7453,27.1691,42.0005,-0.373616,-0.680158,-0.000142014
557,32.7319,27.1608,42.0005,-0.381597,-0.683082,-0.000138277
558,32.7186,27.1525,42.0005,-0.38974,-0.686129,-0.000134399
559,32.7053,27.1441,42.0005,-0.398042,-0.689296,-0.000130381
560,32.692,27.1358,42.0005,-0.4065,-0.692583,-0.000126224
561,32.6775,27.1275,42.0005,-0.41511,-0.695988,-0.000121928
562,32.6642,27.1192,42.0005,-0.423869,-0.69951,-0.000117495
563,32.6498,27.1109,42.0005,-0.432773,-0.703146,-0.000112927
564,32.6364,27.1026,42.0005,-0.441817,-0.706893,-0.000108224
565,32.622,27.0942,42.0005,-0.450998,-0.710749,-0.000103388
566,32.6087,27.0859,42.0005,-0.46031,-0.714712,-9.84e-05
567,32.5942,27.0776,42.0005,-0.469748,-0.718777,-9.33e-05
568,32.5798,27.061,42.0005,-0.479307,-0.722942,-8.81e-05
569,32.5653,27.0527,42.0005,-0.488982,-0.727203,-8.28e-05
570,32.5509,27.0443,42.0005,-0.498765,-0.731556,-7.73e-05
571,32.5365,27.036,42.0005,-0.508652,-0.735996,-7.17e-05
572,32.522,27.0277,42.0005,-0.518636,-0.740521,-6.6e-05
573,32.5076,27.0194,42.0005,-0.528709,-0.745124,-6.02e-05
574,32.4931,27.0028,42.0005,-0.538865,-0.749801,-5.43e-05
575,32.4776,26.9944,42.0005,-0.549097,-0.754548,-4.83e-05
576,32.4632,26.9861,42.0005,-0.559398,-0.759358,-4.22e-05
577,32.4476,26.9695,42.0005,-0.569759,-0.764227,-3.6e-05
578,32.4332,26.9612,42.0005,-0.580172,-0.76915,-2.97e-05
579,32.4176,26.9529,42.0005,-0.590631,-0.774119,-2.34e-05
580,32.4021,26.9362,42.0005,-0.601126,-0.77913,-1.69e-05
581,32.3865,26.9279,42.0005,-0.611649,-0.784176,-1.04e-05
582,32.371,26.9113,42.0005,-0.622191,-0.789251,-3.79e-06
583,32.3554,26.903,42.0005,-0.632744,-0.794349,2.87e-06
584,32.3399,26.8863,42.0005,-0.643299,-0.799463,9.59e-06
585,32.3243,26.878,42.0005,-0.653847,-0.804587,1.64e-05
586,32.3088,26.8614,42.0005,-0.664378,-0.809714,2.32e-05
587,32.2921,26.8531,42.0005,-0.674884,-0.814836,3e-05
588,32.2766,26.8364,42.0005,-0.685355,-0.819948,3.69e-05
589,32.2599,26.8198,42.0005,-0.695781,-0.825043,4.38e-05
590,32.2432,26.8115,42.0005,-0.706154,-0.830112,5.08e-05
591,32.2266,26.7949,42.0005,-0.716464,-0.83515,5.77e-05
592,32.211,26.7782,42.0005,-0.726701,-0.840149,6.47e-05
593,32.1944,26.7616,42.0005,-0.736921,-0.845134,7.17e-05
594,32.1766,26.7533,42.0005,-0.747047,-0.850065,7.87e-05
595,32.1599,26.7367,42.0005,-0.757071,-0.854936,8.57e-05
596,32.1433,26.72,42.0005,-0.766983,-0.859739,9.27e-05
597,32.1255,26.7034,42.0005,-0.776774,-0.864467,9.97e-05
598,32.1088,26.6868,42.0005,-0.786434,-0.869113,0.000106598
599,32.0911,26.6701,42.0005,-0.795954,-0.873671,0.000113493
600,32.0744,26.6618,42.0005,-0.805324,-0.878134,0.000120346
601,32.0566,26.6452,42.0005,-0.814537,-0.882495,0.000127149
602,32.0389,26.6285,42.0005,-0.823582,-0.886747,0.000133897
603,32.0211,26.6119,42.0005,-0.832451,-0.890885,0.000140582
604,32.0033,26.5953,42.0005,-0.841136,-0.894901,0.000147198
605,31.9856,26.5786,42.0005,-0.849629,-0.898791,0.00015374
606,31.9678,26.562,42.0005,-0.857921,-0.902548,0.0001602
607,31.95,26.5454,42.0005,-0.866004,-0.906167,0.000166572
608,31.9322,26.5288,42.0004,-0.873871,-0.909641,0.000172851
609,31.9134,26.5038,42.0004,-0.881515,-0.912967,0.00017903
610,31.8956,26.4872,42.0004,-0.888927,-0.916139,0.000185104
611,31.8778,26.4705,42.0004,-0.896103,-0.919151,0.000191067
612,31.8589,26.4539,42.0004,-0.903034,-0.922001,0.000196913
613,31.8412,26.4373,42.0004,-0.909714,-0.924683,0.000202637
614,31.8223,26.4206,42.0004,-0.916139,-0.927193,0.000208233
615,31.8045,26.3957,42.0004,-0.922301,-0.929528,0.000213697
616,31.7856,26.3791,42.0004,-0.928196,-0.931684,0.000219023
617,31.7667,26.3624,42.0004,-0.933818,-0.933659,0.000224207
618,31.749,26.3458,42.0004,-0.939163,-0.935448,0.000229243
619,31.7301,26.3292,42.0004,-0.944227,-0.93705,0.000234127
620,31.7112,26.3042,42.0004,-0.949005,-0.938463,0.000238855
621,31.6923,26.2876,42.0004,-0.953494,-0.939683,0.000243423
622,31.6734,26.271,42.0004,-0.957691,-0.94071,0.000247826
623,31.6557,26.246,42.0004,-0.961592,-0.941543,0.000252062
624,31.6368,26.2294,42.0004,-0.965195,-0.942179,0.000256125
625,31.6179,26.2127,42.0004,-0.968498,-0.942619,0.000260014
626,31.599,26.1961,42.0004,-0.971499,-0.942862,0.000263724
627,31.5802,26.1712,42.0004,-0.974197,-0.942908,0.000267253
628,31.5613,26.1545,42.0004,-0.97659,-0.942757,0.000270597
629,31.5424,26.1379,42.0004,-0.978677,-0.942409,0.000273755
630,31.5246,26.1129,42.0003,-0.98046,-0.941866,0.000276724
631,31.5057,26.0963,42.0003,-0.981937,-0.941129,0.000279501
632,31.4869,26.0797,42.0003,-0.983108,-0.940199,0.000282085
633,31.468,26.0547,42.0003,-0.983976,-0.939079,0.000284474
634,31.4491,26.0381,42.0003,-0.984541,-0.937769,0.000286667
635,31.4313,26.0132,42.0003,-0.984805,-0.936274,0.000288662
636,31.4124,25.9965,42.0003,-0.984769,-0.934595,0.000290458
637,31.3936,25.9799,42.0003,-0.984436,-0.932736,0.000292054
638,31.3758,25.9549,42.0003,-0.98381,-0.9307,0.00029345
639,31.3569,25.9383,42.0003,-0.982892,-0.928491,0.000294645
640,31.338,25.9217,42.0003,-0.981687,-0.926113,0.000295639
641,31.3202,25.8967,42.0003,-0.980198,-0.923571,0.000296433
642,31.3014,25.8801,42.0003,-0.978429,-0.920869,0.000297025
643,31.2836,25.8635,42.0003,-0.976386,-0.918012,0.000297418
644,31.2658,25.8385,42.0003,-0.974073,-0.915006,0.00029761
645,31.2469,25.8219,42.0003,-0.971495,-0.911855,0.000297604
646,31.2292,25.8053,42.0003,-0.968658,-0.908567,0.000297401
647,31.2114,25.7803,42.0002,-0.965568,-0.905146,0.000297001
648,31.1936,25.7637,42.0002,-0.962231,-0.901599,0.000296407
649,31.1747,25.747,42.0002,-0.958653,-0.897934,0.000295619
650,31.157,25.7304,42.0002,-0.954843,-0.894156,0.00029464
651,31.1403,25.7055,42.0002,-0.950806,-0.890273,0.000293473
652,31.1225,25.6888,42.0002,-0.946551,-0.886293,0.000292118
653,31.1048,25.6722,42.0002,-0.942084,-0.882222,0.00029058
654,31.087,25.6556,42.0002,-0.937415,-0.878068,0.00028886
655,31.0692,25.6306,42.0002,-0.932551,-0.87384,0.000286961
656,31.0526,25.614,42.0002,-0.927501,-0.869546,0.000284887
657,31.0348,25.5974,42.0002,-0.922274,-0.865193,0.000282641
658,31.0181,25.5807,42.0002,-0.916878,-0.860791,0.000280225
659,31.0015,25.5558,42.0002,-0.911324,-0.856348,0.000277644
660,30.9837,25.5391,42.0002,-0.905619,-0.851873,0.000274901
661,30.967,25.5225,42.0002,-0.899775,-0.847374,0.000272
662,30.9504,25.5059,42.0002,-0.893799,-0.84286,0.000268946
663,30.9337,25.4892,42.0002,-0.887704,-0.838342,0.000265741
664,30.9171,25.4726,42.0001,-0.881498,-0.833827,0.000262391
665,30.9004,25.456,42.0001,-0.875192,-0.829326,0.0002589
666,30.8837,25.4393,42.0001,-0.868795,-0.824846,0.000255272
667,30.8682,25.4227,42.0001,-0.862319,-0.820399,0.000251512
668,30.8515,25.3978,42.0001,-0.855749,-0.815976,0.00024761
669,30.8349,25.3811,42.0001,-0.84912,-0.811604,0.000243584
670,30.8193,25.3645,42.0001,-0.842442,-0.807292,0.000239439
671,30.8027,25.3479,42.0001,-0.835726,-0.80305,0.000235181
672,30.7871,25.3312,42.0001,-0.828983,-0.798887,0.000230814
673,30.7716,25.3146,42.0001,-0.822223,-0.794811,0.000226343
674,30.756,25.298,42.0001,-0.815457,-0.790834,0.000221774
675,30.7393,25.2897,42.0001,-0.808696,-0.786963,0.000217112
676,30.7238,25.273,42.0001,-0.801949,-0.783207,0.000212362
677,30.7083,25.2564,42.0001,-0.795228,-0.779576,0.000207529
678,30.6927,25.2398,42.0001,-0.788543,-0.776078,0.000202618
679,30.6772,25.2231,42.0001,-0.781903,-0.772722,0.000197636
680,30.6627,25.2065,42.0001,-0.775319,-0.769515,0.000192586
681,30.6472,25.1899,42.0001,-0.768801,-0.766467,0.000187475
682,30.6316,25.1732,42.0001,-0.762359,-0.763586,0.000182308
683,30.6161,25.1649,42.0001,-0.756002,-0.760878,0.000177089
684,30.6016,25.1483,42.0001,-0.749739,-0.758353,0.000171825
685,30.5861,25.1317,42.0001,-0.743581,-0.756016,0.00016652
686,30.5716,25.115,42.0001,-0.737535,-0.753876,0.000161179
687,30.5561,25.0984,42,-0.731612,-0.751939,0.000155808
688,30.5416,25.0901,42,-0.725819,-0.750212,0.000150413
689,30.5261,25.0734,42,-0.720164,-0.748701,0.000144997
690,30.5117,25.0568,42,-0.714657,-0.747413,0.000139565
691,30.4961,25.0402,42,-0.709305,-0.746353,0.000134124
692,30.4817,25.0319,42,-0.704116,-0.745527,0.000128678
693,30.4672,25.0152,42,-0.699096,-0.744941,0.00012323
694,30.4517,24.9986,42,-0.694254,-0.744598,0.000117788
695,30.4372,24.9903,42,-0.689596,-0.744504,0.000112354
696,30.4217,24.9737,42,-0.685128,-0.744663,0.000106933
697,30.4073,24.957,42,-0.680857,-0.745079,0.000101531
698,30.3928,24.9487,42,-0.676789,-0.745756,9.62e-05
699,30.3773,24.9321,42,-0.67293,-0.746697,9.08e-05
700,30.3628,24.9238,42,-0.669284,-0.747906,8.55e-05
701,30.3473,24.9071,42,-0.665857,-0.749384,8.02e-05
702,30.3328,24.8905,42,-0.662653,-0.751135,7.49e-05
703,30.3184,24.8822,42,-0.659678,-0.75316,6.97e-05
704,30.3028,24.8655,42,-0.656934,-0.755461,6.46e-05
705,30.2873,24.8572,42,-0.654426,-0.75804,5.95e-05
706,30.2729,24.8406,42,-0.652157,-0.760896,5.44e-05
707,30.2573,24.8323,42,-0.650131,-0.764032,4.94e-05
708,30.2418,24.8156,42,-0.648349,-0.767447,4.45e-05
709,30.2273,24.799,42,-0.646814,-0.771141,3.96e-05
710,30.2118,24.7907,42,-0.645529,-0.775114,3.48e-05
711,30.1962,24.7741,42,-0.644494,-0.779364,3.01e-05
712,30.1807,24.7658,42,-0.643712,-0.783892,2.54e-05
713,30.1651,24.7491,42,-0.643183,-0.788695,2.08e-05
714,30.1485,24.7408,42,-0.642909,-0.793771,1.63e-05
715,30.1329,24.7242,42,-0.642888,-0.799119,1.19e-05
716,30.1174,24.7159,42,-0.643122,-0.804735,7.55e-06
717,30.1007,24.6992,42,-0.64361,-0.810618,3.3e-06
718,30.0851,24.6909,42,-0.644352,-0.816763,-8.7e-07
719,30.0685,24.6743,42,-0.645346,-0.823168,-4.95e-06
720,30.0518,24.6576,42,-0.646591,-0.829829,-8.94e-06
721,30.0352,24.6493,42,-0.648085,-0.83674,-1.28e-05
722,30.0185,24.6327,42,-0.649826,-0.843899,-1.66e-05
723,30.0018,24.6244,42,-0.651813,-0.8513,-2.03e-05
724,29.9841,24.6077,42,-0.654043,-0.858937,-2.39e-05
725,29.9674,24.5994,42,-0.656512,-0.866807,-2.74e-05
726,29.9496,24.5828,42,-0.659218,-0.874902,-3.09e-05
727,29.933,24.5745,42,-0.662157,-0.883218,-3.42e-05
728,29.9152,24.5578,42,-0.665325,-0.891748,-3.74e-05
729,29.8974,24.5412,42,-0.668718,-0.900485,-4.05e-05
730,29.8786,24.5329,42,-0.672333,-0.909422,-4.35e-05
731,29.8608,24.5163,42,-0.676164,-0.918553,-4.64e-05
732,29.8419,24.4996,42,-0.680207,-0.927871,-4.91e-05
733,29.8241,24.4913,42,-0.684456,-0.937368,-5.18e-05
734,29.8053,24.4747,42,-0.688906,-0.947037,-5.44e-05
735,29.7864,24.4664,42,-0.693553,-0.956868,-5.69e-05
736,29.7664,24.4497,42,-0.698389,-0.966856,-5.93e-05
737,29.7475,24.4331,42,-0.703414,-0.976999,-6.15e-05
738,29.7275,24.4248,42,-0.708618,-0.987282,-6.37e-05
739,29.7075,24.4082,42,-0.713993,-0.997695,-6.57e-05
740,29.6875,24.3915,42,-0.719534,-1.00823,-6.77e-05
741,29.6675,24.3749,42,-0.725235,-1.01888,-6.96e-05
742,29.6475,24.3666,42,-0.731087,-1.02963,-7.13e-05
743,29.6264,24.3499,42,-0.737084,-1.04048,-7.3e-05
744,29.6053,24.3333,42,-0.74322,-1.05141,-7.45e-05
745,29.5853,24.3167,42,-0.749487,-1.06242,-7.59e-05
746,29.5631,24.3001,42,-0.755878,-1.07349,-7.73e-05
747,29.542,24.2917,42,-0.762385,-1.08463,-7.85e-05
748,29.5198,24.2751,42,-0.769001,-1.09581,-7.97e-05
749,29.4987,24.2585,42,-0.775719,-1.10703,-8.08e-05
750,29.4765,24.2418,42,-0.78253,-1.11828,-8.17e-05
751,29.4532,24.2252,42,-0.789428,-1.12955,-8.26e-05
752,29.4309,24.2086,42,-0.796404,-1.14083,-8.34e-05
753,29.4076,24.1919,42,-0.803452,-1.15211,-8.4e-05
754,29.3854,24.1753,42,-0.810562,-1.16338,-8.46e-05
755,29.3621,24.1587,42,-0.817727,-1.17464,-8.51e-05
756,29.3376,24.1504,42,-0.82494,-1.18586,-8.55e-05
757,29.3143,24.1337,42,-0.832193,-1.19705,-8.59e-05
758,29.2899,24.1171,42,-0.839478,-1.20819,-8.61e-05
759,29.2666,24.1005,42,-0.846786,-1.21928,-8.63e-05
760,29.2421,24.0755,42,-0.854112,-1.2303,-8.64e-05
761,29.2166,24.0589,42,-0.861445,-1.24125,-8.64e-05
762,29.1921,24.0423,42,-0.86878,-1.25211,-8.63e-05
763,29.1666,24.0256,42,-0.876108,-1.26288,-8.62e-05
764,29.1422,24.009,42,-0.883421,-1.27355,-8.59e-05
765,29.1166,23.9924,42.0001,-0.890713,-1.2841,-8.57e-05
766,29.0911,23.9757,42.0001,-0.897975,-1.29454,-8.53e-05
767,29.0644,23.9591,42.0001,-0.905201,-1.30485,-8.49e-05
768,29.0389,23.9425,42.0001,-0.912382,-1.31502,-8.44e-05
769,29.0122,23.9175,42.0001,-0.919512,-1.32505,-8.38e-05
770,28.9856,23.9009,42.0001,-0.926583,-1.33493,-8.32e-05
771,28.9589,23.8843,42.0001,-0.933589,-1.34464,-8.25e-05
772,28.9322,23.8676,42.0001,-0.940521,-1.35419,-8.17e-05
773,28.9045,23.8427,42.0001,-0.947375,-1.36356,-8.09e-05
774,28.8778,23.826,42.0001,-0.954142,-1.37275,-8.01e-05
775,28.85,23.8094,42.0001,-0.960816,-1.38174,-7.92e-05
776,28.8223,23.7845,42.0001,-0.96739,-1.39053,-7.82e-05
777,28.7945,23.7678,42.0001,-0.973859,-1.39912,-7.72e-05
778,28.7667,23.7512,42.0001,-0.980216,-1.4075,-7.61e-05
779,28.739,23.7262,42.0001,-0.986454,-1.41566,-7.5e-05
780,28.7101,23.7096,42.0001,-0.992568,-1.42359,-7.39e-05
781,28.6812,23.693,42.0001,-0.998552,-1.43128,-7.27e-05
782,28.6535,23.668,42.0001,-1.0044,-1.43874,-7.15e-05
783,28.6246,23.6514,42.0001,-1.01011,-1.44596,-7.02e-05
784,28.5957,23.6265,42.0001,-1.01567,-1.45292,-6.89e-05
785,28.5668,23.6098,42.0001,-1.02108,-1.45963,-6.76e-05
786,28.5368,23.5932,42.0001,-1.02633,-1.46608,-6.62e-05
787,28.508,23.5682,42.0001,-1.03142,-1.47226,-6.48e-05
788,28.478,23.5516,42.0001,-1.03634,-1.47818,-6.34e-05
789,28.4491,23.5267,42.0001,-1.04109,-1.48381,-6.19e-05
790,28.4191,23.51,42.0001,-1.04567,-1.48917,-6.04e-05
791,28.3891,23.4851,42.0001,-1.05007,-1.49424,-5.89e-05
792,28.3591,23.4684,42.0001,-1.05428,-1.49903,-5.74e-05
793,28.3291,23.4435,42.0001,-1.05831,-1.50353,-5.59e-05
794,28.2991,23.4186,42.0001,-1.06214,-1.50773,-5.43e-05
795,28.2692,23.4019,42.0001,-1.06578,-1.51163,-5.27e-05
796,28.2392,23.377,42.0001,-1.06922,-1.51523,-5.11e-05
797,28.2092,23.3603,42.0001,-1.07246,-1.51853,-4.95e-05
798,28.1792,23.3354,42.0001,-1.0755,-1.52152,-4.79e-05
799,28.1481,23.3188,42.0001,-1.07833,-1.52421,-4.63e-05
800,28.1181,23.2938,42.0001,-1.08096,-1.52658,-4.46e-05
801,28.087,23.2689,42.0001,-1.08337,-1.52865,-4.3e-05
802,28.057,23.2522,42.0001,-1.08557,-1.5304,-4.14e-05
803,28.0259,23.2273,42.0001,-1.08755,-1.53184,-3.97e-05
804,27.9959,23.2107,42.0001,-1.08931,-1.53296,-3.81e-05
805,27.9648,23.1857,42.0001,-1.09086,-1.53376,-3.64e-05
806,27.9348,23.1608,42.0001,-1.09219,-1.53425,-3.48e-05
807,27.9037,23.1441,42.0001,-1.0933,-1.53443,-3.31e-05
808,27.8737,23.1192,42.0001,-1.09418,-1.53428,-3.15e-05
809,27.8426,23.1025,42.0001,-1.09485,-1.53382,-2.98e-05
810,27.8127,23.0776,42.0001,-1.09529,-1.53305,-2.82e-05
811,27.7816,23.0526,42.0001,-1.09551,-1.53196,-2.66e-05
812,27.7516,23.036,42.0001,-1.0955,-1.53056,-2.49e-05
813,27.7205,23.0111,42.0001,-1.09527,-1.52884,-2.33e-05
814,27.6905,22.9861,42.0001,-1.09482,-1.52681,-2.17e-05
815,27.6594,22.9695,42.0001,-1.09415,-1.52448,-2.02e-05
816,27.6294,22.9445,42.0001,-1.09325,-1.52183,-1.86e-05
817,27.5994,22.9279,42.0001,-1.09214,-1.51889,-1.7e-05
818,27.5683,22.903,42.0001,-1.0908,-1.51563,-1.55e-05
819,27.5383,22.878,42.0001,-1.08925,-1.51208,-1.4e-05
820,27.5083,22.8614,42.0001,-1.08748,-1.50824,-1.24e-05
821,27.4783,22.8364,42.0001,-1.08549,-1.50409,-1.1e-05
822,27.4483,22.8115,42.0001,-1.08329,-1.49966,-9.48e-06
823,27.4184,22.7949,42.0001,-1.08088,-1.49494,-8.03e-06
824,27.3884,22.7699,42.0001,-1.07826,-1.48994,-6.59e-06
825,27.3595,22.7533,42.0001,-1.07543,-1.48466,-5.18e-06
826,27.3295,22.7283,42.0001,-1.0724,-1.4791,-3.79e-06
827,27.2995,22.7117,42.0001,-1.06916,-1.47327,-2.42e-06
828,27.2706,22.6867,42.0001,-1.06572,-1.46717,-1.08e-06
829,27.2418,22.6618,42.0001,-1.06209,-1.46082,2.42e-07
830,27.2129,22.6452,42.0001,-1.05827,-1.4542,1.54e-06
831,27.1829,22.6202,42.0001,-1.05425,-1.44734,2.81e-06
832,27.1551,22.6036,42.0001,-1.05005,-1.44022,4.06e-06
833,27.1262,22.5786,42.0001,-1.04566,-1.43287,5.28e-06
834,27.0974,22.562,42.0001,-1.0411,-1.42528,6.47e-06
835,27.0696,22.5371,42.0001,-1.03636,-1.41746,7.64e-06
836,27.0407,22.5204,42.0001,-1.03144,-1.40941,8.78e-06
837,27.013,22.4955,42.0001,-1.02636,-1.40115,9.89e-06
838,26.9852,22.4788,42.0001,-1.02112,-1.39267,1.1e-05
839,26.9574,22.4539,42.0001,-1.01571,-1.38399,1.2e-05
840,26.9297,22.4373,42.0001,-1.01015,-1.37511,1.31e-05
841,26.9019,22.4206,42.0001,-1.00444,-1.36604,1.41e-05
842,26.8752,22.3957,42.0001,-0.998583,-1.35678,1.5e-05
843,26.8486,22.379,42.0001,-0.992585,-1.34734,1.6e-05
844,26.8219,22.3541,42.0001,-0.98645,-1.33773,1.69e-05
845,26.7953,22.3375,42.0001,-0.980184,-1.32795,1.78e-05
846,26.7686,22.3208,42.0001,-0.97379,-1.31801,1.86e-05
847,26.7419,22.2959,42.0001,-0.967275,-1.30792,1.94e-05
848,26.7164,22.2793,42.0001,-0.960643,-1.29769,2.02e-05
849,26.6909,22.2626,42.0001,-0.953899,-1.28732,2.1e-05
850,26.6653,22.246,42.0001,-0.947048,-1.27682,2.17e-05
851,26.6398,22.221,42.0001,-0.940097,-1.2662,2.24e-05
852,26.6142,22.2044,42.0001,-0.933049,-1.25546,2.31e-05
853,26.5898,22.1878,42.0001,-0.925911,-1.24462,2.37e-05
854,26.5642,22.1711,42.0001,-0.918688,-1.23367,2.43e-05
855,26.5398,22.1462,42.0001,-0.911385,-1.22263,2.49e-05
856,26.5154,22.1296,42.0001,-0.904007,-1.21151,2.55e-05
857,26.492,22.1129,42.0001,-0.896562,-1.20031,2.6e-05
858,26.4676,22.0963,42.0001,-0.889053,-1.18904,2.65e-05
859,26.4443,22.0797,42.0001,-0.881486,-1.17771,2.7e-05
860,26.421,22.063,42.0001,-0.873868,-1.16633,2.74e-05
861,26.3976,22.0464,42.0001,-0.866203,-1.15489,2.78e-05
862,26.3754,22.0298,42.0001,-0.858498,-1.14342,2.82e-05
863,26.3521,22.0048,42.0001,-0.850758,-1.13192,2.85e-05
864,26.3299,21.9882,42.0001,-0.842988,-1.1204,2.88e-05
865,26.3077,21.9716,42.0001,-0.835195,-1.10886,2.91e-05
866,26.2854,21.9549,42.0001,-0.827385,-1.09731,2.94e-05
867,26.2632,21.9383,42.0001,-0.819562,-1.08577,2.96e-05
868,26.2421,21.9217,42.0001,-0.811732,-1.07423,2.98e-05
869,26.221,21.9134,42.0001,-0.803902,-1.0627,3e-05
870,26.1999,21.8967,42.0001,-0.796077,-1.0512,3.02e-05
871,26.1788,21.8801,42.0001,-0.788262,-1.03973,3.03e-05
872,26.1577,21.8635,42.0001,-0.780463,-1.0283,3.04e-05
873,26.1377,21.8468,42.0001,-0.772686,-1.01692,3.05e-05
874,26.1177,21.8302,42.0001,-0.764937,-1.00559,3.05e-05
875,26.0977,21.8136,42.0001,-0.75722,-0.994317,3.05e-05
876,26.0777,21.8052,42.0001,-0.749542,-0.983116,3.05e-05
877,26.0589,21.7886,42.0001,-0.741909,-0.971991,3.05e-05
878,26.0389,21.772,42.0001,-0.734324,-0.960949,3.04e-05
879,26.02,21.7553,42.0001,-0.726795,-0.949998,3.04e-05
880,26.0011,21.7387,42.0001,-0.719327,-0.939145,3.03e-05
881,25.9822,21.7304,42.0001,-0.711924,-0.928398,3.01e-05
882,25.9645,21.7138,42.0001,-0.704592,-0.917762,3e-05
883,25.9456,21.6971,42.0001,-0.697337,-0.907246,2.98e-05
884,25.9278,21.6888,42.0001,-0.690163,-0.896856,2.96e-05
885,25.91,21.6722,42.0001,-0.683077,-0.8866,2.94e-05
886,25.8923,21.6556,42.0001,-0.676082,-0.876483,2.92e-05
887,25.8756,21.6472,42.0001,-0.669185,-0.866513,2.89e-05
888,25.8578,21.6306,42.0001,-0.662389,-0.856697,2.87e-05
889,25.8412,21.6223,42.0001,-0.655701,-0.847041,2.84e-05
890,25.8245,21.6057,42.0001,-0.649125,-0.837551,2.81e-05
891,25.8078,21.5973,42.0001,-0.642665,-0.828234,2.77e-05
892,25.7912,21.5807,42.0001,-0.636328,-0.819096,2.74e-05
893,25.7745,21.5641,42.0001,-0.630116,-0.810143,2.7e-05
894,25.759,21.5558,42.0001,-0.624036,-0.801382,2.66e-05
895,25.7434,21.5391,42.0001,-0.618091,-0.792819,2.62e-05
896,25.7268,21.5308,42.0001,-0.612285,-0.784458,2.58e-05
897,25.7112,21.5225,42.0001,-0.606625,-0.776307,2.54e-05
898,25.6968,21.5059,42.0001,-0.601112,-0.76837,2.49e-05
899,25.6812,21.4975,42.0001,-0.595753,-0.760654,2.45e-05
900,25.6657,21.4809,42.0001,-0.590551,-0.753163,2.4e-05
901,25.6512,21.4726,42.0001,-0.58551,-0.745903,2.35e-05
902,25.6357,21.456,42.0001,-0.580635,-0.73888,2.3e-05
903,25.6212,21.4477,42.0001,-0.575928,-0.732098,2.25e-05
904,25.6068,21.4393,42.0001,-0.571394,-0.725562,2.19e-05
905,25.5924,21.4227,42.0001,-0.567037,-0.719277,2.14e-05
906,25.5779,21.4144,42.0001,-0.56286,-0.713248,2.08e-05
907,25.5635,21.4061,42.0001,-0.558867,-0.70748,2.03e-05
908,25.5502,21.3894,42.0001,-0.55506,-0.701976,1.97e-05
909,25.5357,21.3811,42.0001,-0.551445,-0.696741,1.91e-05
910,25.5224,21.3728,42.0001,-0.548023,-0.69178,1.85e-05
911,25.508,21.3562,42.0001,-0.544799,-0.687096,1.79e-05
912,25.4946,21.3479,42.0001,-0.541774,-0.682693,1.73e-05
913,25.4813,21.3395,42.0001,-0.538952,-0.678576,1.67e-05
914,25.468,21.3229,42.0001,-0.536336,-0.674747,1.6e-05
915,25.4546,21.3146,42.0001,-0.533929,-0.67121,1.54e-05
916,25.4413,21.3063,42.0001,-0.531732,-0.667969,1.48e-05
917,25.428,21.298,42.0001,-0.52975,-0.665027,1.41e-05
918,25.4147,21.2813,42.0001,-0.527984,-0.662386,1.34e-05
919,25.4013,21.273,42.0001,-0.526436,-0.66005,1.28e-05
920,25.388,21.2647,42,-0.525109,-0.658022,1.21e-05
921,25.3747,21.2564,42,-0.524004,-0.656304,1.14e-05
922,25.3613,21.2398,42,-0.523125,-0.654899,1.08e-05
923,25.3491,21.2314,42,-0.522472,-0.653808,1.01e-05
924,25.3358,21.2231,42,-0.522048,-0.653035,9.4e-06
925,25.3225,21.2065,42,-0.521854,-0.652581,8.72e-06
926,25.3091,21.1982,42,-0.521891,-0.652449,8.03e-06
927,25.2969,21.1899,42,-0.522162,-0.652639,7.34e-06
928,25.2836,21.1815,42,-0.522667,-0.653153,6.65e-06
929,25.2703,21.1649,42,-0.523408,-0.653994,5.96e-06
930,25.258,21.1566,42,-0.524385,-0.655161,5.27e-06
931,25.2447,21.1483,42,-0.5256,-0.656657,4.58e-06
932,25.2314,21.14,42,-0.527055,-0.658483,3.88e-06
933,25.2181,21.1233,42,-0.528748,-0.660638,3.19e-06
934,25.2047,21.115,42,-0.530682,-0.663125,2.5e-06
935,25.1914,21.1067,42,-0.532856,-0.665942,1.81e-06
936,25.1781,21.0984,42,-0.535271,-0.669092,1.13e-06
937,25.1647,21.0817,42,-0.537927,-0.672573,4.42e-07
938,25.1514,21.0734,42,-0.540826,-0.676387,-2.4e-07
939,25.1381,21.0651,42,-0.543965,-0.680532,-9.2e-07
940,25.1248,21.0485,42,-0.547347,-0.68501,-1.6e-06
941,25.1103,21.0402,42,-0.550969,-0.689818,-2.27e-06
942,25.097,21.0319,42,-0.554833,-0.694958,-2.94e-06
943,25.0826,21.0152,42,-0.558938,-0.700427,-3.6e-06
944,25.0692,21.0069,42,-0.563283,-0.706226,-4.26e-06
945,25.0548,20.9986,42,-0.567868,-0.712353,-4.92e-06
946,25.0404,20.982,42,-0.572691,-0.718808,-5.57e-06
947,25.0259,20.9736,42,-0.577753,-0.725588,-6.21e-06
948,25.0115,20.9653,42,-0.583052,-0.732693,-6.85e-06
949,24.997,20.9487,42,-0.588588,-0.740121,-7.48e-06
950,24.9815,20.9404,42,-0.594358,-0.74787,-8.11e-06
951,24.967,20.9237,42,-0.600362,-0.755938,-8.73e-06
952,24.9515,20.9154,42,-0.606599,-0.764324,-9.34e-06
953,24.9359,20.8988,42,-0.613066,-0.773024,-9.94e-06
954,24.9204,20.8905,42,-0.619763,-0.782038,-1.05e-05
955,24.9048,20.8738,42,-0.626687,-0.791362,-1.11e-05
956,24.8893,20.8655,42,-0.633838,-0.800995,-1.17e-05
957,24.8737,20.8489,42,-0.641212,-0.810932,-1.23e-05
958,24.8571,20.8406,42,-0.648808,-0.821172,-1.28e-05
959,24.8404,20.8239,42,-0.656624,-0.831711,-1.34e-05
960,24.8238,20.8156,42,-0.664657,-0.842546,-1.4e-05
961,24.8071,20.799,42,-0.672906,-0.853674,-1.45e-05
962,24.7893,20.7824,42,-0.681367,-0.865092,-1.5e-05
963,24.7727,20.7741,42,-0.690039,-0.876796,-1.55e-05
964,24.7549,20.7574,42,-0.698919,-0.888783,-1.6e-05
965,24.7371,20.7408,42,-0.708004,-0.901048,-1.65e-05
966,24.7182,20.7325,42,-0.717291,-0.913589,-1.7e-05
967,24.7005,20.7158,42,-0.726777,-0.9264,-1.75e-05
968,24.6816,20.6992,42,-0.73646,-0.939478,-1.8e-05
969,24.6627,20.6826,42,-0.746336,-0.952818,-1.84e-05
970,24.6438,20.6743,42,-0.756402,-0.966417,-1.89e-05
971,24.6238,20.6576,42.0001,-0.766655,-0.980269,-1.93e-05
972,24.605,20.641,42.0001,-0.777092,-0.994371,-1.98e-05
973,24.585,20.6244,42.0001,-0.787709,-1.00872,-2.02e-05
974,24.5639,20.6077,42.0001,-0.798503,-1.0233,-2.06e-05
975,24.5439,20.5911,42.0001,-0.809469,-1.03812,-2.1e-05
976,24.5228,20.5745,42.0001,-0.820605,-1.05317,-2.14e-05
977,24.5017,20.5578,42.0001,-0.831907,-1.06845,-2.17e-05
978,24.4806,20.5412,42.0001,-0.843371,-1.08394,-2.21e-05
979,24.4583,20.5246,42.0001,-0.854993,-1.09965,-2.24e-05
980,24.4361,20.5079,42.0001,-0.866769,-1.11557,-2.28e-05
981,24.4139,20.4913,42.0001,-0.878695,-1.13169,-2.31e-05
982,24.3917,20.4747,42.0001,-0.890767,-1.14801,-2.34e-05
983,24.3684,20.458,42.0001,-0.902982,-1.16452,-2.37e-05
984,24.3451,20.4414,42.0001,-0.915333,-1.18121,-2.4e-05
985,24.3206,20.4165,42.0001,-0.927819,-1.19809,-2.43e-05
986,24.2973,20.3998,42.0001,-0.940436,-1.21515,-2.46e-05
987,24.2729,20.3832,42.0001,-0.953177,-1.23237,-2.48e-05
988,24.2473,20.3666,42.0001,-0.966039,-1.24976,-2.51e-05
989,24.2229,20.3416,42.0001,-0.979017,-1.26731,-2.53e-05
990,24.1973,20.325,42.0001,-0.992107,-1.285,-2.55e-05
991,24.1718,20.3084,42.0001,-1.0053,-1.30284,-2.57e-05
992,24.1451,20.2834,42.0001,-1.0186,-1.32082,-2.59e-05
993,24.1185,20.2668,42.0001,-1.032,-1.33893,-2.61e-05
994,24.0918,20.2418,42.0001,-1.04549,-1.35716,-2.63e-05
995,24.064,20.2252,42.0001,-1.05906,-1.37552,-2.64e-05
996,24.0374,20.2002,42.0001,-1.07272,-1.39399,-2.66e-05
997,24.0085,20.1836,42.0001,-1.08646,-1.41256,-2.67e-05
998,23.9807,20.1587,42.0001,-1.10028,-1.43124,-2.69e-05
999,23.9519,20.1337,42.0001,-1.11416,-1.45,-2.7e-05
1000,23.923,20.1171,42.0001,-1.1281,-1.46886,-2.71e-05
1001,23.893,20.0921,42.0001,-1.14211,-1.48779,-2.72e-05
1002,23.863,20.0672,42.0001,-1.15617,-1.5068,-2.73e-05
1003,23.833,20.0422,42.0001,-1.17028,-1.52587,-2.73e-05
1004,23.8019,20.0173,42.0001,-1.18443,-1.54501,-2.74e-05
1005,23.7708,20.0007,42.0001,-1.19862,-1.5642,-2.74e-05
1006,23.7397,19.9757,42.0001,-1.21285,-1.58343,-2.75e-05
1007,23.7086,19.9508,42.0001,-1.22711,-1.60271,-2.75e-05
1008,23.6764,19.9258,42.0001,-1.24139,-1.62201,-2.75e-05
1009,23.6431,19.9009,42.0001,-1.25569,-1.64135,-2.75e-05
1010,23.6109,19.8759,42.0001,-1.27001,-1.6607,-2.75e-05
1011,23.5776,19.851,42.0001,-1.28433,-1.68007,-2.75e-05
1012,23.5431,19.826,42.0001,-1.29866,-1.69944,-2.75e-05
1013,23.5087,19.7928,42.0001,-1.31299,-1.71882,-2.74e-05
1014,23.4743,19.7678,42.0001,-1.32731,-1.73818,-2.74e-05
1015,23.4398,19.7429,42.0001,-1.34162,-1.75754,-2.73e-05
1016,23.4043,19.7179,42.0001,-1.35592,-1.77687,-2.73e-05
1017,23.3687,19.693,42.0001,-1.37019,-1.79617,-2.72e-05
1018,23.3332,19.6597,42.0001,-1.38445,-1.81544,-2.71e-05
1019,23.2966,19.6348,42.0001,-1.39867,-1.83467,-2.7e-05
1020,23.2599,19.6098,42.0001,-1.41285,-1.85385,-2.69e-05
1021,23.2221,19.5765,42.0001,-1.42699,-1.87298,-2.68e-05
1022,23.1844,19.5516,42.0001,-1.44109,-1.89205,-2.67e-05
1023,23.1466,19.5183,42.0001,-1.45514,-1.91104,-2.65e-05
1024,23.1088,19.4934,42.0001,-1.46913,-1.92997,-2.64e-05
1025,23.07,19.4601,42.0001,-1.48307,-1.94882,-2.62e-05
1026,23.0311,19.4352,42.0001,-1.49694,-1.96757,-2.61e-05
1027,22.9911,19.4019,42.0001,-1.51073,-1.98624,-2.59e-05
1028,22.9511,19.3686,42.0001,-1.52446,-2.0048,-2.57e-05
1029,22.9111,19.3437,42.0001,-1.5381,-2.02326,-2.55e-05
1030,22.8712,19.3104,42.0001,-1.55166,-2.04161,-2.53e-05
1031,22.8301,19.2772,42.0001,-1.56514,-2.05983,-2.51e-05
1032,22.789,19.2439,42.0001,-1.57851,-2.07794,-2.49e-05
1033,22.7468,19.219,42.0001,-1.5918,-2.09591,-2.47e-05
1034,22.7046,19.1857,42.0001,-1.60497,-2.11374,-2.45e-05
1035,22.6623,19.1524,42.0001,-1.61804,-2.13143,-2.43e-05
1036,22.6201,19.1192,42.0001,-1.631,-2.14897,-2.4e-05
1037,22.5768,19.0859,42.0001,-1.64385,-2.16635,-2.38e-05
1038,22.5335,19.0526,42.0001,-1.65657,-2.18357,-2.35e-05
1039,22.4891,19.0194,42.0001,-1.66917,-2.20062,-2.33e-05
1040,22.4458,18.9861,42.0001,-1.68163,-2.2175,-2.3e-05
1041,22.4013,18.9528,42.0001,-1.69397,-2.2342,-2.27e-05
1042,22.3569,18.9196,42.0001,-1.70616,-2.25072,-2.24e-05
1043,22.3114,18.8863,42.0001,-1.71822,-2.26704,-2.21e-05
1044,22.2658,18.853,42.0001,-1.73012,-2.28317,-2.19e-05
1045,22.2203,18.8198,42.0001,-1.74188,-2.2991,-2.16e-05
1046,22.1736,18.7782,42.0001,-1.75348,-2.31482,-2.13e-05
1047,22.1281,18.7449,42.0001,-1.76492,-2.33032,-2.09e-05
1048,22.0814,18.7117,42.0001,-1.7762,-2.34561,-2.06e-05
1049,22.0337,18.6784,42.0001,-1.78732,-2.36067,-2.03e-05
1050,21.987,18.6368,42.0001,-1.79826,-2.37551,-2e-05
1051,21.9393,18.6036,42.0001,-1.80903,-2.39011,-1.97e-05
1052,21.8915,18.5703,42.0001,-1.81962,-2.40447,-1.93e-05
1053,21.8438,18.5287,42.0001,-1.83003,-2.41859,-1.9e-05
1054,21.7949,18.4955,42.0001,-1.84025,-2.43246,-1.87e-05
1055,21.746,18.4622,42.0001,-1.85028,-2.44608,-1.83e-05
1056,21.6971,18.4206,42.0001,-1.86012,-2.45943,-1.8e-05
1057,21.6483,18.3873,42.0001,-1.86977,-2.47253,-1.76e-05
1058,21.5983,18.3458,42.0001,-1.87921,-2.48536,-1.73e-05
1059,21.5494,18.3125,42.0001,-1.88846,-2.49791,-1.69e-05
1060,21.4994,18.2709,42.0001,-1.89749,-2.51019,-1.65e-05
1061,21.4484,18.2293,42.0001,-1.90632,-2.52219,-1.62e-05
1062,21.3984,18.1961,42.0001,-1.91494,-2.53391,-1.58e-05
1063,21.3473,18.1545,42.0001,-1.92334,-2.54533,-1.54e-05
1064,21.2962,18.1212,42.0001,-1.93152,-2.55647,-1.5e-05
1065,21.2451,18.0797,42.0001,-1.93948,-2.5673,-1.47e-05
1066,21.194,18.0381,42.0001,-1.94721,-2.57784,-1.43e-05
1067,21.1429,18.0048,42.0001,-1.95472,-2.58807,-1.39e-05
1068,21.0907,17.9632,42.0001,-1.962,-2.598,-1.35e-05
1069,21.0385,17.9216,42.0001,-1.96905,-2.60761,-1.32e-05
1070,20.9863,17.8801,42.0001,-1.97586,-2.61691,-1.28e-05
1071,20.9341,17.8468,42.0001,-1.98243,-2.62589,-1.24e-05
1072,20.8819,17.8052,42.0001,-1.98877,-2.63454,-1.2e-05
1073,20.8297,17.7636,42.0001,-1.99486,-2.64288,-1.16e-05
1074,20.7764,17.7221,42.0001,-2.00071,-2.65088,-1.12e-05
1075,20.7231,17.6888,42.0001,-2.00631,-2.65856,-1.08e-05
1076,20.6709,17.6472,42.0001,-2.01166,-2.6659,-1.04e-05
1077,20.6175,17.6056,42.0001,-2.01676,-2.6729,-1e-05
1078,20.5642,17.5641,42.0001,-2.02161,-2.67957,-9.65e-06
1079,20.5098,17.5225,42.0001,-2.0262,-2.68589,-9.26e-06
1080,20.4565,17.4809,42.0001,-2.03054,-2.69187,-8.87e-06
1081,20.4032,17.4393,42.0001,-2.03461,-2.69751,-8.48e-06
1082,20.3488,17.4061,42.0001,-2.03843,-2.7028,-8.09e-06
1083,20.2943,17.3645,42.0001,-2.04199,-2.70773,-7.7e-06
1084,20.241,17.3229,42.0001,-2.04528,-2.71231,-7.31e-06
1085,20.1866,17.2813,42.0001,-2.04831,-2.71654,-6.93e-06
1086,20.1322,17.2397,42.0001,-2.05107,-2.72042,-6.54e-06
1087,20.0777,17.1982,42.0001,-2.05357,-2.72393,-6.15e-06
1088,20.0233,17.1566,42.0001,-2.05579,-2.72709,-5.77e-06
1089,19.9689,17.115,42.0001,-2.05775,-2.72988,-5.39e-06
1090,19.9145,17.0734,42.0001,-2.05944,-2.73231,-5e-06
1091,19.8601,17.0318,42.0001,-2.06085,-2.73438,-4.62e-06
1092,19.8056,16.9903,42.0001,-2.062,-2.73609,-4.25e-06
1093,19.7512,16.9487,42.0001,-2.06287,-2.73742,-3.87e-06
1094,19.6968,16.9071,42.0001,-2.06346,-2.7384,-3.5e-06
1095,19.6412,16.8655,42.0001,-2.06378,-2.739,-3.12e-06
1096,19.5868,16.8322,42.0001,-2.06383,-2.73924,-2.76e-06
1097,19.5324,16.7907,42.0001,-2.0636,-2.7391,-2.39e-06
1098,19.478,16.7491,42.0001,-2.0631,-2.7386,-2.03e-06
1099,19.4224,16.7075,42.0001,-2.06232,-2.73773,-1.66e-06
1100,19.368,16.6659,42.0001,-2.06127,-2.73649,-1.31e-06
1101,19.3136,16.6243,42.0001,-2.05993,-2.73488,-9.5e-07
1102,19.2592,16.5828,42.0001,-2.05833,-2.7329,-5.98e-07
1103,19.2047,16.5412,42.0001,-2.05644,-2.73055,-2.48e-07
1104,19.1503,16.4996,42.0001,-2.05428,-2.72783,9.74e-08
1105,19.0959,16.458,42.0001,-2.05185,-2.72474,4.4e-07
1106,19.0415,16.4164,42.0001,-2.04913,-2.72128,7.79e-07
1107,18.987,16.3749,42.0001,-2.04615,-2.71746,1.11e-06
1108,18.9326,16.3333,42.0001,-2.04289,-2.71326,1.45e-06
1109,18.8793,16.2917,42.0001,-2.03935,-2.7087,1.77e-06
1110,18.8249,16.2584,42.0001,-2.03554,-2.70377,2.1e-06
1111,18.7705,16.2169,42.0001,-2.03146,-2.69848,2.42e-06
1112,18.7171,16.1753,42.0001,-2.02711,-2.69282,2.73e-06
1113,18.6638,16.1337,42.0001,-2.02249,-2.68681,3.04e-06
1114,18.6094,16.0921,42.0001,-2.01759,-2.68043,3.35e-06
1115,18.5561,16.0505,42.0001,-2.01243,-2.67369,3.65e-06
1116,18.5028,16.009,42.0001,-2.007,-2.66659,3.95e-06
1117,18.4506,15.9757,42.0001,-2.0013,-2.65913,4.25e-06
1118,18.3973,15.9341,42.0001,-1.99534,-2.65132,4.53e-06
1119,18.3439,15.8925,42.0001,-1.98911,-2.64315,4.82e-06
1120,18.2917,15.851,42.0001,-1.98263,-2.63464,5.1e-06
1121,18.2395,15.8177,42.0001,-1.97588,-2.62577,5.37e-06
1122,18.1862,15.7761,42.0001,-1.96887,-2.61656,5.64e-06
1123,18.1351,15.7345,42.0001,-1.9616,-2.60701,5.91e-06
1124,18.0829,15.6929,42.0001,-1.95408,-2.59711,6.17e-06
1125,18.0307,15.6597,42.0001,-1.9463,-2.58687,6.42e-06
1126,17.9796,15.6181,42.0001,-1.93828,-2.57629,6.67e-06
1127,17.9285,15.5765,42.0001,-1.93,-2.56538,6.92e-06
1128,17.8775,15.5433,42.0001,-1.92147,-2.55414,7.15e-06
1129,17.8264,15.5017,42.0001,-1.9127,-2.54256,7.39e-06
1130,17.7753,15.4684,42.0001,-1.90369,-2.53067,7.62e-06
1131,17.7253,15.4268,42.0001,-1.89443,-2.51845,7.84e-06
1132,17.6753,15.3853,42.0001,-1.88494,-2.50591,8.06e-06
1133,17.6253,15.352,42.0001,-1.87521,-2.49305,8.27e-06
1134,17.5753,15.3104,42.0001,-1.86524,-2.47988,8.48e-06
1135,17.5265,15.2771,42.0001,-1.85505,-2.4664,8.68e-06
1136,17.4776,15.2439,42.0001,-1.84463,-2.45262,8.87e-06
1137,17.4287,15.2023,42.0001,-1.83398,-2.43853,9.06e-06
1138,17.3799,15.169,42.0001,-1.8231,-2.42414,9.24e-06
1139,17.331,15.1275,42.0001,-1.81201,-2.40946,9.42e-06
1140,17.2832,15.0942,42.0001,-1.8007,-2.39449,9.6e-06
1141,17.2355,15.0609,42.0001,-1.78918,-2.37924,9.76e-06
1142,17.1888,15.0193,42.0001,-1.77745,-2.3637,9.92e-06
1143,17.1411,14.9861,42.0001,-1.76551,-2.34788,1.01e-05
1144,17.0944,14.9528,42.0001,-1.75336,-2.33179,1.02e-05
1145,17.0489,14.9196,42.0001,-1.74102,-2.31543,1.04e-05
1146,17.0022,14.8863,42.0001,-1.72847,-2.2988,1.05e-05
1147,16.9567,14.853,42.0001,-1.71573,-2.28192,1.06e-05
1148,16.9111,14.8114,42,-1.7028,-2.26478,1.08e-05
1149,16.8667,14.7782,42,-1.68969,-2.24739,1.09e-05
1150,16.8212,14.7449,42,-1.67639,-2.22975,1.1e-05
1151,16.7779,14.7117,42,-1.66291,-2.21187,1.11e-05
1152,16.7334,14.6784,42,-1.64925,-2.19376,1.12e-05
1153,16.6901,14.6451,42,-1.63542,-2.17541,1.13e-05
1154,16.6468,14.6119,42,-1.62143,-2.15684,1.14e-05
1155,16.6035,14.5869,42,-1.60727,-2.13805,1.15e-05
1156,16.5613,14.5536,42,-1.59294,-2.11904,1.16e-05
1157,16.5191,14.5204,42,-1.57846,-2.09982,1.16e-05
1158,16.478,14.4871,42,-1.56383,-2.0804,1.17e-05
1159,16.4358,14.4539,42,-1.54905,-2.06078,1.18e-05
1160,16.3947,14.4289,42,-1.53413,-2.04097,1.18e-05
1161,16.3547,14.3956,42,-1.51906,-2.02096,1.19e-05
1162,16.3147,14.3624,42,-1.50386,-2.00078,1.19e-05
1163,16.2747,14.3374,42,-1.48853,-1.98042,1.2e-05
1164,16.2358,14.3042,42,-1.47307,-1.95989,1.2e-05
1165,16.197,14.2792,42,-1.45749,-1.93919,1.2e-05
1166,16.1581,14.246,42,-1.44179,-1.91834,1.21e-05
1167,16.1203,14.221,42,-1.42598,-1.89733,1.21e-05
1168,16.0826,14.1877,42,-1.41006,-1.87618,1.21e-05
1169,16.0448,14.1628,42,-1.39403,-1.85488,1.21e-05
1170,16.0082,14.1378,42,-1.3779,-1.83345,1.21e-05
1171,15.9715,14.1129,42,-1.36168,-1.81189,1.21e-05
1172,15.936,14.0796,42,-1.34536,-1.79021,1.21e-05
1173,15.9004,14.0547,42,-1.32896,-1.76842,1.21e-05
1174,15.8649,14.0297,42,-1.31248,-1.74651,1.21e-05
1175,15.8304,14.0048,42,-1.29592,-1.7245,1.2e-05
1176,15.7971,13.9798,42,-1.27929,-1.7024,1.2e-05
1177,15.7627,13.9549,42,-1.26259,-1.6802,1.2e-05
1178,15.7294,13.9299,42,-1.24583,-1.65792,1.2e-05
1179,15.6972,13.905,42,-1.22901,-1.63556,1.19e-05
1180,15.6638,13.88,42,-1.21214,-1.61314,1.19e-05
1181,15.6327,13.8551,42,-1.19523,-1.59064,1.18e-05
1182,15.6005,13.8301,42,-1.17827,-1.56809,1.18e-05
1183,15.5694,13.8052,42,-1.16127,-1.54549,1.17e-05
1184,15.5394,13.7803,42,-1.14424,-1.52285,1.16e-05
1185,15.5083,13.7636,42,-1.12718,-1.50016,1.16e-05
1186,15.4795,13.7387,42,-1.1101,-1.47745,1.15e-05
1187,15.4495,13.7137,42,-1.093,-1.45471,1.14e-05
1188,15.4206,13.6971,42,-1.07589,-1.43195,1.13e-05
1189,15.3928,13.6721,42,-1.05877,-1.40918,1.13e-05
1190,15.3651,13.6555,42,-1.04165,-1.38641,1.12e-05
1191,15.3373,13.6306,42,-1.02453,-1.36364,1.11e-05
1192,15.3106,13.6139,42,-1.00742,-1.34088,1.1e-05
1193,15.284,13.589,42,-0.990315,-1.31813,1.09e-05
1194,15.2573,13.5724,42,-0.973232,-1.29541,1.08e-05
1195,15.2318,13.5557,42,-0.956171,-1.27271,1.07e-05
1196,15.2073,13.5308,42,-0.939138,-1.25005,1.06e-05
1197,15.1818,13.5141,42,-0.922137,-1.22744,1.05e-05
1198,15.1585,13.4975,42,-0.905174,-1.20487,1.04e-05
1199,15.134,13.4809,42,-0.888253,-1.18236,1.02e-05
1200,15.1107,13.4642,42,-0.871379,-1.15991,1.01e-05
1201,15.0874,13.4476,42,-0.854558,-1.13753,1e-05
1202,15.0652,13.431,42,-0.837794,-1.11522,9.87e-06
1203,15.043,13.4143,42,-0.821091,-1.093,9.74e-06
1204,15.0219,13.3977,42,-0.804456,-1.07086,9.61e-06
1205,15.0007,13.3811,42,-0.787893,-1.04883,9.48e-06
1206,14.9796,13.3644,42,-0.771407,-1.02689,9.35e-06
1207,14.9597,13.3478,42,-0.755002,-1.00506,9.21e-06
1208,14.9397,13.3312,42,-0.738683,-0.983343,9.07e-06
1209,14.9208,13.3229,42,-0.722456,-0.961749,8.93e-06
1210,14.9019,13.3062,42,-0.706324,-0.940282,8.79e-06
1211,14.883,13.2896,42,-0.690293,-0.918948,8.64e-06
1212,14.8652,13.273,42,-0.674367,-0.897753,8.5e-06
1213,14.8475,13.2647,42,-0.658551,-0.876704,8.35e-06
1214,14.8297,13.248,42,-0.642849,-0.855807,8.2e-06
1215,14.813,13.2397,42,-0.627266,-0.835068,8.05e-06
1216,14.7964,13.2231,42,-0.611806,-0.814493,7.9e-06
1217,14.7808,13.2148,42,-0.596474,-0.794087,7.75e-06
1218,14.7653,13.1981,42,-0.581274,-0.773856,7.6e-06
1219,14.7497,13.1898,42,-0.56621,-0.753807,7.44e-06
1220,14.7342,13.1815,42,-0.551287,-0.733944,7.29e-06
1221,14.7197,13.1649,42,-0.536509,-0.714274,7.13e-06
1222,14.7064,13.1565,42,-0.521879,-0.694802,6.98e-06
1223,14.692,13.1482,42,-0.507403,-0.675533,6.82e-06
1224,14.6786,13.1399,42,-0.493084,-0.656472,6.67e-06
1225,14.6664,13.1316,42,-0.478925,-0.637626,6.51e-06
1226,14.6542,13.115,42,-0.464931,-0.618999,6.35e-06
1227,14.642,13.1067,42,-0.451106,-0.600596,6.2e-06
1228,14.6298,13.0983,42,-0.437453,-0.582422,6.04e-06
1229,14.6187,13.09,42,-0.423976,-0.564481,5.89e-06
1230,14.6076,13.0817,42,-0.410678,-0.546779,5.73e-06
1231,14.5965,13.0734,42,-0.397563,-0.529321,5.58e-06
1232,14.5865,13.0651,42,-0.384634,-0.51211,5.42e-06
1233,14.5765,13.0568,42,-0.371895,-0.495151,5.27e-06
1234,14.5665,13.0568,42,-0.359348,-0.478448,5.12e-06
1235,14.5565,13.0484,42,-0.346997,-0.462006,4.96e-06
1236,14.5476,13.0401,42,-0.334844,-0.445828,4.81e-06
1237,14.5387,13.0318,42,-0.322894,-0.429918,4.66e-06
1238,14.5309,13.0235,42,-0.311147,-0.41428,4.52e-06
1239,14.522,13.0235,42,-0.299608,-0.398917,4.37e-06
1240,14.5143,13.0152,42,-0.288278,-0.383834,4.22e-06
1241,14.5076,13.0069,42,-0.27716,-0.369032,4.08e-06
1242,14.4998,13.0069,42,-0.266256,-0.354516,3.94e-06
1243,14.4932,12.9985,42,-0.255569,-0.340288,3.79e-06
1244,14.4865,12.9902,42,-0.245101,-0.326351,3.66e-06
1245,14.4798,12.9902,42,-0.234853,-0.312707,3.52e-06
1246,14.4743,12.9819,42,-0.224828,-0.29936,3.38e-06
1247,14.4676,12.9819,42,-0.215027,-0.28631,3.25e-06
1248,14.4621,12.9736,42,-0.205451,-0.273562,3.12e-06
1249,14.4576,12.9736,42,-0.196103,-0.261115,2.99e-06
1250,14.4521,12.9653,42,-0.186983,-0.248973,2.86e-06
1251,14.4476,12.9653,42,-0.178093,-0.237136,2.74e-06
1252,14.4432,12.957,42,-0.169434,-0.225607,2.61e-06
1253,14.4387,12.957,42,-0.161006,-0.214385,2.49e-06
1254,14.4343,12.957,42,-0.15281,-0.203473,2.38e-06
1255,14.4298,12.9486,42,-0.144847,-0.19287,2.26e-06
1256,14.4265,12.9486,42,-0.137117,-0.182578,2.15e-06
1257,14.4232,12.9486,42,-0.12962,-0.172596,2.04e-06
1258,14.4199,12.9403,42,-0.122357,-0.162926,1.93e-06
1259,14.4165,12.9403,42,-0.115327,-0.153566,1.83e-06
1260,14.4132,12.9403,42,-0.108531,-0.144516,1.73e-06
1261,14.411,12.932,42,-0.101967,-0.135776,1.63e-06
1262,14.4076,12.932,42,-0.095635,-0.127345,1.53e-06
1263,14.4054,12.932,42,-0.0895343,-0.119222,1.44e-06
1264,14.4032,12.932,42,-0.0836639,-0.111405,1.35e-06
1265,14.401,12.932,42,-0.0780227,-0.103894,1.27e-06
1266,14.3987,12.9237,42,-0.0726092,-0.0966854,1.18e-06
1267,14.3976,12.9237,42,-0.0674218,-0.0897783,1.1e-06
1268,14.3954,12.9237,42,-0.062459,-0.0831699,1.02e-06
1269,14.3943,12.9237,42,-0.0577186,-0.0768579,9.5e-07
1270,14.3921,12.9237,42,-0.0531986,-0.0708392,8.78e-07
1271,14.391,12.9237,42,-0.0488966,-0.0651108,8.1e-07
1272,14.3899,12.9237,42,-0.04481,-0.0596691,7.45e-07
1273,14.3888,12.9154,42,-0.040936,-0.0545107,6.83e-07
1274,14.3876,12.9154,42,-0.0372716,-0.0496313,6.24e-07
1275,14.3865,12.9154,42,-0.0338137,-0.0450267,5.68e-07
1276,14.3854,12.9154,42,-0.0305587,-0.0406924,5.15e-07
1277,14.3854,12.9154,42,-0.027503,-0.0366235,4.65e-07
1278,14.3843,12.9154,42,-0.0246427,-0.0328146,4.18e-07
1279,14.3832,12.9154,42,-0.0219735,-0.0292604,3.74e-07
1280,14.3832,12.9154,42,-0.0194913,-0.025955,3.33e-07
1281,14.3832,12.9154,42,-0.0171912,-0.0228922,2.94e-07
1282,14.3821,12.9154,42,-0.0150684,-0.0200656,2.59e-07
1283,14.3821,12.9154,42,-0.0131179,-0.0174682,2.26e-07
1284,14.3821,12.9154,42,-0.0113342,-0.015093,1.96e-07
1285,14.381,12.9154,42,-0.00971169,-0.0129324,1.68e-07
1286,14.381,12.9154,42,-0.00824447,-0.0109786,1.43e-07
1287,14.381,12.9154,42,-0.00692638,-0.00922342,1.21e-07
1288,14.381,12.9154,42,-0.00575098,-0.00765823,1.01e-07
1289,14.381,12.9154,42,-0.00471157,-0.00627412,8.27e-08
1290,14.381,12.9154,42,-0.00380117,-0.00506179,6.69e-08
1291,14.3799,12.9154,42,-0.0030125,-0.00401158,5.32e-08
1292,14.3799,12.9154,42,-0.00233803,-0.00311343,4.14e-08
1293,14.3799,12.9154,42,-0.00176992,-0.0023569,3.14e-08
1294,14.3799,12.9154,42,-0.00130003,-0.00173118,2.31e-08
1295,14.3799,12.9154,42,-0.000919941,-0.00122504,1.64e-08
1296,14.3799,12.9154,42,-0.000620927,-0.000826857,1.11e-08
1297,14.3799,12.9154,42,-0.000393957,-0.000524613,7.07e-09
1298,14.3799,12.9154,42,-0.000229692,-0.000305869,4.14e-09
1299,14.3799,12.9154,42,-0.000118481,-0.000157775,2.14e-09
1300,14.3799,12.9154,42,-5.04e-05,-6.71e-05,9.12e-10
1301,14.3799,12.9154,42,-1.5e-05,-2e-05,2.73e-10
1302,14.3799,12.9154,42,-1.89e-06,-2.52e-06,3.45e-11
1303,14.3799,12.9154,42,7.11e-15,1.42e-14,0
